"","date","swc","temperature","treatment","replicate"
"1","27/05/2023 12:30",NA,26.9,"wood","1"
"2","27/05/2023 12:35",NA,26.5,"wood","1"
"3","27/05/2023 12:40",NA,26.2,"wood","1"
"4","27/05/2023 12:45",NA,26,"wood","1"
"5","27/05/2023 12:50",NA,25.8,"wood","1"
"6","27/05/2023 12:55",NA,25.7,"wood","1"
"7","27/05/2023 13:00",0.291,25.6,"wood","1"
"8","27/05/2023 13:05",0.291,25.5,"wood","1"
"9","27/05/2023 13:10",0.291,25.4,"wood","1"
"10","27/05/2023 13:15",0.291,25.4,"wood","1"
"11","27/05/2023 13:20",0.291,25.4,"wood","1"
"12","27/05/2023 13:25",0.291,25.3,"wood","1"
"13","27/05/2023 13:30",0.29,25.3,"wood","1"
"14","27/05/2023 13:35",0.29,25.3,"wood","1"
"15","27/05/2023 13:40",0.289,25.4,"wood","1"
"16","27/05/2023 13:45",0.289,25.4,"wood","1"
"17","27/05/2023 13:50",0.289,25.4,"wood","1"
"18","27/05/2023 13:55",0.289,25.4,"wood","1"
"19","27/05/2023 14:00",0.289,25.4,"wood","1"
"20","27/05/2023 14:05",0.289,25.5,"wood","1"
"21","27/05/2023 14:10",0.289,25.5,"wood","1"
"22","27/05/2023 14:15",0.289,25.5,"wood","1"
"23","27/05/2023 14:20",0.289,25.5,"wood","1"
"24","27/05/2023 14:25",0.289,25.6,"wood","1"
"25","27/05/2023 14:30",0.288,25.6,"wood","1"
"26","27/05/2023 14:35",0.288,25.6,"wood","1"
"27","27/05/2023 14:40",0.288,25.7,"wood","1"
"28","27/05/2023 14:45",0.288,25.7,"wood","1"
"29","27/05/2023 14:50",0.288,25.8,"wood","1"
"30","27/05/2023 14:55",0.288,25.8,"wood","1"
"31","27/05/2023 15:00",0.288,25.8,"wood","1"
"32","27/05/2023 15:05",0.288,25.9,"wood","1"
"33","27/05/2023 15:10",0.288,25.9,"wood","1"
"34","27/05/2023 15:15",0.288,25.9,"wood","1"
"35","27/05/2023 15:20",0.288,26,"wood","1"
"36","27/05/2023 15:25",0.288,26,"wood","1"
"37","27/05/2023 15:30",0.288,26.1,"wood","1"
"38","27/05/2023 15:35",0.288,26.1,"wood","1"
"39","27/05/2023 15:40",0.288,26.1,"wood","1"
"40","27/05/2023 15:45",0.288,26.2,"wood","1"
"41","27/05/2023 15:50",0.288,26.2,"wood","1"
"42","27/05/2023 15:55",0.288,26.3,"wood","1"
"43","27/05/2023 16:00",0.288,26.3,"wood","1"
"44","27/05/2023 16:05",0.288,26.3,"wood","1"
"45","27/05/2023 16:10",0.288,26.4,"wood","1"
"46","27/05/2023 16:15",0.288,26.4,"wood","1"
"47","27/05/2023 16:20",0.288,26.4,"wood","1"
"48","27/05/2023 16:25",0.288,26.4,"wood","1"
"49","27/05/2023 16:30",0.288,26.5,"wood","1"
"50","27/05/2023 16:35",0.288,26.5,"wood","1"
"51","27/05/2023 16:40",0.288,26.6,"wood","1"
"52","27/05/2023 16:45",0.288,26.6,"wood","1"
"53","27/05/2023 16:50",0.288,26.6,"wood","1"
"54","27/05/2023 16:55",0.288,26.6,"wood","1"
"55","27/05/2023 17:00",0.288,26.7,"wood","1"
"56","27/05/2023 17:05",0.288,26.7,"wood","1"
"57","27/05/2023 17:10",0.288,26.7,"wood","1"
"58","27/05/2023 17:15",0.288,26.7,"wood","1"
"59","27/05/2023 17:20",0.288,26.8,"wood","1"
"60","27/05/2023 17:25",0.288,26.8,"wood","1"
"61","27/05/2023 17:30",0.288,26.8,"wood","1"
"62","27/05/2023 17:35",0.288,26.8,"wood","1"
"63","27/05/2023 17:40",0.288,26.9,"wood","1"
"64","27/05/2023 17:45",0.288,26.9,"wood","1"
"65","27/05/2023 17:50",0.288,26.9,"wood","1"
"66","27/05/2023 17:55",0.288,26.9,"wood","1"
"67","27/05/2023 18:00",0.288,26.9,"wood","1"
"68","27/05/2023 18:05",0.288,27,"wood","1"
"69","27/05/2023 18:10",0.288,27,"wood","1"
"70","27/05/2023 18:15",0.288,27,"wood","1"
"71","27/05/2023 18:20",0.288,27,"wood","1"
"72","27/05/2023 18:25",0.288,27,"wood","1"
"73","27/05/2023 18:30",0.288,27,"wood","1"
"74","27/05/2023 18:35",0.288,27,"wood","1"
"75","27/05/2023 18:40",0.288,27.1,"wood","1"
"76","27/05/2023 18:45",0.288,27.1,"wood","1"
"77","27/05/2023 18:50",0.288,27.1,"wood","1"
"78","27/05/2023 18:55",0.288,27.1,"wood","1"
"79","27/05/2023 19:00",0.288,27.1,"wood","1"
"80","27/05/2023 19:05",0.288,27.1,"wood","1"
"81","27/05/2023 19:10",0.288,27.1,"wood","1"
"82","27/05/2023 19:15",0.288,27.1,"wood","1"
"83","27/05/2023 19:20",0.288,27.1,"wood","1"
"84","27/05/2023 19:25",0.288,27.1,"wood","1"
"85","27/05/2023 19:30",0.288,27.2,"wood","1"
"86","27/05/2023 19:35",0.288,27.2,"wood","1"
"87","27/05/2023 19:40",0.288,27.2,"wood","1"
"88","27/05/2023 19:45",0.288,27.2,"wood","1"
"89","27/05/2023 19:50",0.288,27.2,"wood","1"
"90","27/05/2023 19:55",0.288,27.2,"wood","1"
"91","27/05/2023 20:00",0.288,27.2,"wood","1"
"92","27/05/2023 20:05",0.288,27.2,"wood","1"
"93","27/05/2023 20:10",0.288,27.2,"wood","1"
"94","27/05/2023 20:15",0.288,27.2,"wood","1"
"95","27/05/2023 20:20",0.288,27.2,"wood","1"
"96","27/05/2023 20:25",0.288,27.2,"wood","1"
"97","27/05/2023 20:30",0.288,27.2,"wood","1"
"98","27/05/2023 20:35",0.288,27.2,"wood","1"
"99","27/05/2023 20:40",0.287,27.2,"wood","1"
"100","27/05/2023 20:45",0.288,27.2,"wood","1"
"101","27/05/2023 20:50",0.288,27.2,"wood","1"
"102","27/05/2023 20:55",0.287,27.2,"wood","1"
"103","27/05/2023 21:00",0.287,27.2,"wood","1"
"104","27/05/2023 21:05",0.287,27.2,"wood","1"
"105","27/05/2023 21:10",0.287,27.2,"wood","1"
"106","27/05/2023 21:15",0.288,27.2,"wood","1"
"107","27/05/2023 21:20",0.288,27.2,"wood","1"
"108","27/05/2023 21:25",0.287,27.2,"wood","1"
"109","27/05/2023 21:30",0.287,27.2,"wood","1"
"110","27/05/2023 21:35",0.287,27.2,"wood","1"
"111","27/05/2023 21:40",0.287,27.2,"wood","1"
"112","27/05/2023 21:45",0.287,27.2,"wood","1"
"113","27/05/2023 21:50",0.287,27.2,"wood","1"
"114","27/05/2023 21:55",0.287,27.3,"wood","1"
"115","27/05/2023 22:00",0.287,27.3,"wood","1"
"116","27/05/2023 22:05",0.287,27.3,"wood","1"
"117","27/05/2023 22:10",0.287,27.3,"wood","1"
"118","27/05/2023 22:15",0.287,27.3,"wood","1"
"119","27/05/2023 22:20",0.287,27.3,"wood","1"
"120","27/05/2023 22:25",0.287,27.3,"wood","1"
"121","27/05/2023 22:30",0.287,27.3,"wood","1"
"122","27/05/2023 22:35",0.287,27.3,"wood","1"
"123","27/05/2023 22:40",0.287,27.3,"wood","1"
"124","27/05/2023 22:45",0.287,27.4,"wood","1"
"125","27/05/2023 22:50",0.287,27.4,"wood","1"
"126","27/05/2023 22:55",0.287,27.4,"wood","1"
"127","27/05/2023 23:00",0.287,27.4,"wood","1"
"128","27/05/2023 23:05",0.287,27.4,"wood","1"
"129","27/05/2023 23:10",0.287,27.4,"wood","1"
"130","27/05/2023 23:15",0.287,27.4,"wood","1"
"131","27/05/2023 23:20",0.287,27.4,"wood","1"
"132","27/05/2023 23:25",0.287,27.4,"wood","1"
"133","27/05/2023 23:30",0.287,27.4,"wood","1"
"134","27/05/2023 23:35",0.287,27.4,"wood","1"
"135","27/05/2023 23:40",0.287,27.4,"wood","1"
"136","27/05/2023 23:45",0.287,27.4,"wood","1"
"137","27/05/2023 23:50",0.287,27.4,"wood","1"
"138","27/05/2023 23:55",0.287,27.4,"wood","1"
"139","28/05/2023 00:00",0.287,27.4,"wood","1"
"140","28/05/2023 00:05",0.287,27.4,"wood","1"
"141","28/05/2023 00:10",0.287,27.4,"wood","1"
"142","28/05/2023 00:15",0.287,27.4,"wood","1"
"143","28/05/2023 00:20",0.287,27.4,"wood","1"
"144","28/05/2023 00:25",0.287,27.4,"wood","1"
"145","28/05/2023 00:30",0.287,27.4,"wood","1"
"146","28/05/2023 00:35",0.287,27.4,"wood","1"
"147","28/05/2023 00:40",0.287,27.4,"wood","1"
"148","28/05/2023 00:45",0.287,27.4,"wood","1"
"149","28/05/2023 00:50",0.287,27.4,"wood","1"
"150","28/05/2023 00:55",0.287,27.4,"wood","1"
"151","28/05/2023 01:00",0.287,27.4,"wood","1"
"152","28/05/2023 01:05",0.287,27.4,"wood","1"
"153","28/05/2023 01:10",0.287,27.4,"wood","1"
"154","28/05/2023 01:15",0.287,27.4,"wood","1"
"155","28/05/2023 01:20",0.287,27.4,"wood","1"
"156","28/05/2023 01:25",0.287,27.4,"wood","1"
"157","28/05/2023 01:30",0.287,27.4,"wood","1"
"158","28/05/2023 01:35",0.287,27.4,"wood","1"
"159","28/05/2023 01:40",0.286,27.4,"wood","1"
"160","28/05/2023 01:45",0.286,27.4,"wood","1"
"161","28/05/2023 01:50",0.286,27.4,"wood","1"
"162","28/05/2023 01:55",0.287,27.4,"wood","1"
"163","28/05/2023 02:00",0.286,27.4,"wood","1"
"164","28/05/2023 02:05",0.286,27.4,"wood","1"
"165","28/05/2023 02:10",0.286,27.4,"wood","1"
"166","28/05/2023 02:15",0.286,27.4,"wood","1"
"167","28/05/2023 02:20",0.286,27.3,"wood","1"
"168","28/05/2023 02:25",0.286,27.3,"wood","1"
"169","28/05/2023 02:30",0.286,27.3,"wood","1"
"170","28/05/2023 02:35",0.286,27.3,"wood","1"
"171","28/05/2023 02:40",0.286,27.3,"wood","1"
"172","28/05/2023 02:45",0.286,27.3,"wood","1"
"173","28/05/2023 02:50",0.286,27.3,"wood","1"
"174","28/05/2023 02:55",0.286,27.3,"wood","1"
"175","28/05/2023 03:00",0.286,27.3,"wood","1"
"176","28/05/2023 03:05",0.286,27.3,"wood","1"
"177","28/05/2023 03:10",0.286,27.3,"wood","1"
"178","28/05/2023 03:15",0.286,27.3,"wood","1"
"179","28/05/2023 03:20",0.286,27.3,"wood","1"
"180","28/05/2023 03:25",0.286,27.3,"wood","1"
"181","28/05/2023 03:30",0.286,27.3,"wood","1"
"182","28/05/2023 03:35",0.286,27.3,"wood","1"
"183","28/05/2023 03:40",0.286,27.3,"wood","1"
"184","28/05/2023 03:45",0.286,27.3,"wood","1"
"185","28/05/2023 03:50",0.286,27.3,"wood","1"
"186","28/05/2023 03:55",0.286,27.3,"wood","1"
"187","28/05/2023 04:00",0.286,27.3,"wood","1"
"188","28/05/2023 04:05",0.286,27.3,"wood","1"
"189","28/05/2023 04:10",0.286,27.2,"wood","1"
"190","28/05/2023 04:15",0.285,27.2,"wood","1"
"191","28/05/2023 04:20",0.286,27.2,"wood","1"
"192","28/05/2023 04:25",0.286,27.2,"wood","1"
"193","28/05/2023 04:30",0.285,27.2,"wood","1"
"194","28/05/2023 04:35",0.286,27.2,"wood","1"
"195","28/05/2023 04:40",0.285,27.2,"wood","1"
"196","28/05/2023 04:45",0.285,27.2,"wood","1"
"197","28/05/2023 04:50",0.286,27.2,"wood","1"
"198","28/05/2023 04:55",0.285,27.2,"wood","1"
"199","28/05/2023 05:00",0.285,27.2,"wood","1"
"200","28/05/2023 05:05",0.286,27.2,"wood","1"
"201","28/05/2023 05:10",0.285,27.2,"wood","1"
"202","28/05/2023 05:15",0.285,27.1,"wood","1"
"203","28/05/2023 05:20",0.285,27.1,"wood","1"
"204","28/05/2023 05:25",0.285,27.1,"wood","1"
"205","28/05/2023 05:30",0.285,27.1,"wood","1"
"206","28/05/2023 05:35",0.285,27.1,"wood","1"
"207","28/05/2023 05:40",0.285,27.1,"wood","1"
"208","28/05/2023 05:45",0.285,27.1,"wood","1"
"209","28/05/2023 05:50",0.285,27.1,"wood","1"
"210","28/05/2023 05:55",0.285,27,"wood","1"
"211","28/05/2023 06:00",0.285,27,"wood","1"
"212","28/05/2023 06:05",0.285,27,"wood","1"
"213","28/05/2023 06:10",0.285,27,"wood","1"
"214","28/05/2023 06:15",0.285,27,"wood","1"
"215","28/05/2023 06:20",0.285,27,"wood","1"
"216","28/05/2023 06:25",0.285,27,"wood","1"
"217","28/05/2023 06:30",0.285,27,"wood","1"
"218","28/05/2023 06:35",0.285,26.9,"wood","1"
"219","28/05/2023 06:40",0.285,26.9,"wood","1"
"220","28/05/2023 06:45",0.285,26.9,"wood","1"
"221","28/05/2023 06:50",0.285,26.9,"wood","1"
"222","28/05/2023 06:55",0.285,26.9,"wood","1"
"223","28/05/2023 07:00",0.285,26.9,"wood","1"
"224","28/05/2023 07:05",0.285,26.9,"wood","1"
"225","28/05/2023 07:10",0.285,26.9,"wood","1"
"226","28/05/2023 07:15",0.285,26.9,"wood","1"
"227","28/05/2023 07:20",0.285,26.9,"wood","1"
"228","28/05/2023 07:25",0.285,26.9,"wood","1"
"229","28/05/2023 07:30",0.285,26.9,"wood","1"
"230","28/05/2023 07:35",0.285,26.9,"wood","1"
"231","28/05/2023 07:40",0.285,26.9,"wood","1"
"232","28/05/2023 07:45",0.285,26.9,"wood","1"
"233","28/05/2023 07:50",0.285,26.9,"wood","1"
"234","28/05/2023 07:55",0.285,26.8,"wood","1"
"235","28/05/2023 08:00",0.285,26.9,"wood","1"
"236","28/05/2023 08:05",0.285,26.8,"wood","1"
"237","28/05/2023 08:10",0.285,26.9,"wood","1"
"238","28/05/2023 08:15",0.285,26.8,"wood","1"
"239","28/05/2023 08:20",0.285,26.9,"wood","1"
"240","28/05/2023 08:25",0.285,26.9,"wood","1"
"241","28/05/2023 08:30",0.285,26.9,"wood","1"
"242","28/05/2023 08:35",0.285,26.9,"wood","1"
"243","28/05/2023 08:40",0.285,26.9,"wood","1"
"244","28/05/2023 08:45",0.285,26.9,"wood","1"
"245","28/05/2023 08:50",0.285,26.9,"wood","1"
"246","28/05/2023 08:55",0.285,26.9,"wood","1"
"247","28/05/2023 09:00",0.285,26.9,"wood","1"
"248","28/05/2023 09:05",0.285,26.9,"wood","1"
"249","28/05/2023 09:10",0.285,26.9,"wood","1"
"250","28/05/2023 09:15",0.285,26.9,"wood","1"
"251","28/05/2023 09:20",0.285,26.9,"wood","1"
"252","28/05/2023 09:25",0.285,26.9,"wood","1"
"253","28/05/2023 09:30",0.285,26.9,"wood","1"
"254","28/05/2023 09:35",0.285,26.9,"wood","1"
"255","28/05/2023 09:40",0.285,26.9,"wood","1"
"256","28/05/2023 09:45",0.285,26.9,"wood","1"
"257","28/05/2023 09:50",0.285,26.9,"wood","1"
"258","28/05/2023 09:55",0.285,26.9,"wood","1"
"259","28/05/2023 10:00",0.285,26.9,"wood","1"
"260","28/05/2023 10:05",0.285,26.9,"wood","1"
"261","28/05/2023 10:10",0.285,27,"wood","1"
"262","28/05/2023 10:15",0.285,27,"wood","1"
"263","28/05/2023 10:20",0.285,27,"wood","1"
"264","28/05/2023 10:25",0.285,27,"wood","1"
"265","28/05/2023 10:30",0.285,27,"wood","1"
"266","28/05/2023 10:35",0.285,27,"wood","1"
"267","28/05/2023 10:40",0.285,27,"wood","1"
"268","28/05/2023 10:45",0.284,27,"wood","1"
"269","28/05/2023 10:50",0.285,27,"wood","1"
"270","28/05/2023 10:55",0.284,27,"wood","1"
"271","28/05/2023 11:00",0.284,27,"wood","1"
"272","28/05/2023 11:05",0.285,27.1,"wood","1"
"273","28/05/2023 11:10",0.284,27.1,"wood","1"
"274","28/05/2023 11:15",0.285,27.1,"wood","1"
"275","28/05/2023 11:20",0.284,27.1,"wood","1"
"276","28/05/2023 11:25",0.284,27.1,"wood","1"
"277","28/05/2023 11:30",0.284,27.1,"wood","1"
"278","28/05/2023 11:35",0.284,27.1,"wood","1"
"279","28/05/2023 11:40",0.284,27.1,"wood","1"
"280","28/05/2023 11:45",0.284,27.1,"wood","1"
"281","28/05/2023 11:50",0.284,27.2,"wood","1"
"282","28/05/2023 11:55",0.284,27.2,"wood","1"
"283","28/05/2023 12:00",0.284,27.2,"wood","1"
"284","28/05/2023 12:05",0.284,27.2,"wood","1"
"285","28/05/2023 12:10",0.284,27.2,"wood","1"
"286","28/05/2023 12:15",0.285,27.2,"wood","1"
"287","28/05/2023 12:20",0.284,27.3,"wood","1"
"288","28/05/2023 12:25",0.284,27.3,"wood","1"
"289","28/05/2023 12:30",0.284,27.3,"wood","1"
"290","28/05/2023 12:35",0.284,27.3,"wood","1"
"291","28/05/2023 12:40",0.284,27.3,"wood","1"
"292","28/05/2023 12:45",0.284,27.3,"wood","1"
"293","28/05/2023 12:50",0.284,27.4,"wood","1"
"294","28/05/2023 12:55",0.284,27.4,"wood","1"
"295","28/05/2023 13:00",0.284,27.4,"wood","1"
"296","28/05/2023 13:05",0.284,27.4,"wood","1"
"297","28/05/2023 13:10",0.284,27.4,"wood","1"
"298","28/05/2023 13:15",0.284,27.5,"wood","1"
"299","28/05/2023 13:20",0.284,27.5,"wood","1"
"300","28/05/2023 13:25",0.284,27.5,"wood","1"
"301","28/05/2023 13:30",0.284,27.5,"wood","1"
"302","28/05/2023 13:35",0.284,27.5,"wood","1"
"303","28/05/2023 13:40",0.284,27.6,"wood","1"
"304","28/05/2023 13:45",0.284,27.6,"wood","1"
"305","28/05/2023 13:50",0.284,27.6,"wood","1"
"306","28/05/2023 13:55",0.284,27.6,"wood","1"
"307","28/05/2023 14:00",0.284,27.7,"wood","1"
"308","28/05/2023 14:05",0.284,27.7,"wood","1"
"309","28/05/2023 14:10",0.284,27.7,"wood","1"
"310","28/05/2023 14:15",0.284,27.7,"wood","1"
"311","28/05/2023 14:20",0.284,27.8,"wood","1"
"312","28/05/2023 14:25",0.284,27.8,"wood","1"
"313","28/05/2023 14:30",0.284,27.8,"wood","1"
"314","28/05/2023 14:35",0.284,27.8,"wood","1"
"315","28/05/2023 14:40",0.284,27.8,"wood","1"
"316","28/05/2023 14:45",0.284,27.9,"wood","1"
"317","28/05/2023 14:50",0.284,27.9,"wood","1"
"318","28/05/2023 14:55",0.284,27.9,"wood","1"
"319","28/05/2023 15:00",0.284,27.9,"wood","1"
"320","28/05/2023 15:05",0.284,28,"wood","1"
"321","28/05/2023 15:10",0.284,28,"wood","1"
"322","28/05/2023 15:15",0.284,28,"wood","1"
"323","28/05/2023 15:20",0.284,28,"wood","1"
"324","28/05/2023 15:25",0.284,28,"wood","1"
"325","28/05/2023 15:30",0.284,28,"wood","1"
"326","28/05/2023 15:35",0.284,28,"wood","1"
"327","28/05/2023 15:40",0.284,28,"wood","1"
"328","28/05/2023 15:45",0.284,28.1,"wood","1"
"329","28/05/2023 15:50",0.284,28.1,"wood","1"
"330","28/05/2023 15:55",0.284,28.1,"wood","1"
"331","28/05/2023 16:00",0.284,28.1,"wood","1"
"332","28/05/2023 16:05",0.284,28.1,"wood","1"
"333","28/05/2023 16:10",0.284,28.1,"wood","1"
"334","28/05/2023 16:15",0.284,28.1,"wood","1"
"335","28/05/2023 16:20",0.284,28.1,"wood","1"
"336","28/05/2023 16:25",0.284,28.1,"wood","1"
"337","28/05/2023 16:30",0.284,28.1,"wood","1"
"338","28/05/2023 16:35",0.284,28.1,"wood","1"
"339","28/05/2023 16:40",0.284,28,"wood","1"
"340","28/05/2023 16:45",0.284,28,"wood","1"
"341","28/05/2023 16:50",0.283,28,"wood","1"
"342","28/05/2023 16:55",0.284,28,"wood","1"
"343","28/05/2023 17:00",0.284,28,"wood","1"
"344","28/05/2023 17:05",0.283,28,"wood","1"
"345","28/05/2023 17:10",0.283,28,"wood","1"
"346","28/05/2023 17:15",0.284,28,"wood","1"
"347","28/05/2023 17:20",0.283,28,"wood","1"
"348","28/05/2023 17:25",0.283,28.1,"wood","1"
"349","28/05/2023 17:30",0.283,28.1,"wood","1"
"350","28/05/2023 17:35",0.283,28.1,"wood","1"
"351","28/05/2023 17:40",0.283,28.1,"wood","1"
"352","28/05/2023 17:45",0.283,28,"wood","1"
"353","28/05/2023 17:50",0.283,28,"wood","1"
"354","28/05/2023 17:55",0.283,28,"wood","1"
"355","28/05/2023 18:00",0.283,28,"wood","1"
"356","28/05/2023 18:05",0.283,28,"wood","1"
"357","28/05/2023 18:10",0.283,28,"wood","1"
"358","28/05/2023 18:15",0.283,28,"wood","1"
"359","28/05/2023 18:20",0.283,28,"wood","1"
"360","28/05/2023 18:25",0.283,28,"wood","1"
"361","28/05/2023 18:30",0.283,28,"wood","1"
"362","28/05/2023 18:35",0.283,28,"wood","1"
"363","28/05/2023 18:40",0.283,28,"wood","1"
"364","28/05/2023 18:45",0.283,28,"wood","1"
"365","28/05/2023 18:50",0.283,28,"wood","1"
"366","28/05/2023 18:55",0.283,28,"wood","1"
"367","28/05/2023 19:00",0.283,28,"wood","1"
"368","28/05/2023 19:05",0.283,28,"wood","1"
"369","28/05/2023 19:10",0.283,28,"wood","1"
"370","28/05/2023 19:15",0.283,28,"wood","1"
"371","28/05/2023 19:20",0.283,28,"wood","1"
"372","28/05/2023 19:25",0.283,28,"wood","1"
"373","28/05/2023 19:30",0.282,28,"wood","1"
"374","28/05/2023 19:35",0.283,28,"wood","1"
"375","28/05/2023 19:40",0.282,28,"wood","1"
"376","28/05/2023 19:45",0.282,28,"wood","1"
"377","28/05/2023 19:50",0.282,28,"wood","1"
"378","28/05/2023 19:55",0.282,28,"wood","1"
"379","28/05/2023 20:00",0.282,28,"wood","1"
"380","28/05/2023 20:05",0.282,28,"wood","1"
"381","28/05/2023 20:10",0.282,27.9,"wood","1"
"382","28/05/2023 20:15",0.282,27.9,"wood","1"
"383","28/05/2023 20:20",0.282,27.9,"wood","1"
"384","28/05/2023 20:25",0.282,27.9,"wood","1"
"385","28/05/2023 20:30",0.282,27.9,"wood","1"
"386","28/05/2023 20:35",0.282,27.9,"wood","1"
"387","28/05/2023 20:40",0.282,27.9,"wood","1"
"388","28/05/2023 20:45",0.282,27.9,"wood","1"
"389","28/05/2023 20:50",0.282,27.9,"wood","1"
"390","28/05/2023 20:55",0.282,27.9,"wood","1"
"391","28/05/2023 21:00",0.282,27.9,"wood","1"
"392","28/05/2023 21:05",0.282,27.9,"wood","1"
"393","28/05/2023 21:10",0.282,27.9,"wood","1"
"394","28/05/2023 21:15",0.282,27.9,"wood","1"
"395","28/05/2023 21:20",0.282,27.9,"wood","1"
"396","28/05/2023 21:25",0.282,27.9,"wood","1"
"397","28/05/2023 21:30",0.282,27.9,"wood","1"
"398","28/05/2023 21:35",0.282,27.9,"wood","1"
"399","28/05/2023 21:40",0.281,27.9,"wood","1"
"400","28/05/2023 21:45",0.281,27.9,"wood","1"
"401","28/05/2023 21:50",0.281,27.9,"wood","1"
"402","28/05/2023 21:55",0.281,27.9,"wood","1"
"403","28/05/2023 22:00",0.281,27.9,"wood","1"
"404","28/05/2023 22:05",0.281,27.9,"wood","1"
"405","28/05/2023 22:10",0.281,27.9,"wood","1"
"406","28/05/2023 22:15",0.281,27.9,"wood","1"
"407","28/05/2023 22:20",0.281,27.9,"wood","1"
"408","28/05/2023 22:25",0.281,27.9,"wood","1"
"409","28/05/2023 22:30",0.281,27.9,"wood","1"
"410","28/05/2023 22:35",0.281,27.9,"wood","1"
"411","28/05/2023 22:40",0.281,27.9,"wood","1"
"412","28/05/2023 22:45",0.281,27.9,"wood","1"
"413","28/05/2023 22:50",0.281,27.9,"wood","1"
"414","28/05/2023 22:55",0.281,27.9,"wood","1"
"415","28/05/2023 23:00",0.281,27.9,"wood","1"
"416","28/05/2023 23:05",0.281,27.9,"wood","1"
"417","28/05/2023 23:10",0.281,27.9,"wood","1"
"418","28/05/2023 23:15",0.281,27.9,"wood","1"
"419","28/05/2023 23:20",0.281,27.9,"wood","1"
"420","28/05/2023 23:25",0.281,27.9,"wood","1"
"421","28/05/2023 23:30",0.281,27.9,"wood","1"
"422","28/05/2023 23:35",0.281,27.9,"wood","1"
"423","28/05/2023 23:40",0.281,27.9,"wood","1"
"424","28/05/2023 23:45",0.281,27.9,"wood","1"
"425","28/05/2023 23:50",0.281,27.9,"wood","1"
"426","28/05/2023 23:55",0.281,27.9,"wood","1"
"427","29/05/2023 00:00",0.281,27.9,"wood","1"
"428","29/05/2023 00:05",0.281,27.9,"wood","1"
"429","29/05/2023 00:10",0.281,27.9,"wood","1"
"430","29/05/2023 00:15",0.281,27.9,"wood","1"
"431","29/05/2023 00:20",0.281,27.9,"wood","1"
"432","29/05/2023 00:25",0.281,27.9,"wood","1"
"433","29/05/2023 00:30",0.281,27.9,"wood","1"
"434","29/05/2023 00:35",0.281,27.9,"wood","1"
"435","29/05/2023 00:40",0.281,27.9,"wood","1"
"436","29/05/2023 00:45",0.281,27.9,"wood","1"
"437","29/05/2023 00:50",0.281,27.9,"wood","1"
"438","29/05/2023 00:55",0.281,27.9,"wood","1"
"439","29/05/2023 01:00",0.281,27.9,"wood","1"
"440","29/05/2023 01:05",0.281,27.9,"wood","1"
"441","29/05/2023 01:10",0.28,27.9,"wood","1"
"442","29/05/2023 01:15",0.281,27.9,"wood","1"
"443","29/05/2023 01:20",0.28,27.9,"wood","1"
"444","29/05/2023 01:25",0.281,27.9,"wood","1"
"445","29/05/2023 01:30",0.281,27.9,"wood","1"
"446","29/05/2023 01:35",0.281,27.9,"wood","1"
"447","29/05/2023 01:40",0.28,27.9,"wood","1"
"448","29/05/2023 01:45",0.281,27.9,"wood","1"
"449","29/05/2023 01:50",0.28,27.9,"wood","1"
"450","29/05/2023 01:55",0.28,27.9,"wood","1"
"451","29/05/2023 02:00",0.28,27.9,"wood","1"
"452","29/05/2023 02:05",0.28,27.9,"wood","1"
"453","29/05/2023 02:10",0.28,27.9,"wood","1"
"454","29/05/2023 02:15",0.28,27.9,"wood","1"
"455","29/05/2023 02:20",0.28,27.9,"wood","1"
"456","29/05/2023 02:25",0.28,27.9,"wood","1"
"457","29/05/2023 02:30",0.28,27.9,"wood","1"
"458","29/05/2023 02:35",0.28,27.9,"wood","1"
"459","29/05/2023 02:40",0.28,27.9,"wood","1"
"460","29/05/2023 02:45",0.28,27.9,"wood","1"
"461","29/05/2023 02:50",0.28,27.9,"wood","1"
"462","29/05/2023 02:55",0.28,27.8,"wood","1"
"463","29/05/2023 03:00",0.28,27.8,"wood","1"
"464","29/05/2023 03:05",0.28,27.8,"wood","1"
"465","29/05/2023 03:10",0.28,27.8,"wood","1"
"466","29/05/2023 03:15",0.28,27.8,"wood","1"
"467","29/05/2023 03:20",0.28,27.8,"wood","1"
"468","29/05/2023 03:25",0.28,27.8,"wood","1"
"469","29/05/2023 03:30",0.28,27.8,"wood","1"
"470","29/05/2023 03:35",0.28,27.8,"wood","1"
"471","29/05/2023 03:40",0.28,27.8,"wood","1"
"472","29/05/2023 03:45",0.28,27.8,"wood","1"
"473","29/05/2023 03:50",0.28,27.8,"wood","1"
"474","29/05/2023 03:55",0.28,27.8,"wood","1"
"475","29/05/2023 04:00",0.28,27.8,"wood","1"
"476","29/05/2023 04:05",0.28,27.8,"wood","1"
"477","29/05/2023 04:10",0.28,27.8,"wood","1"
"478","29/05/2023 04:15",0.28,27.8,"wood","1"
"479","29/05/2023 04:20",0.28,27.8,"wood","1"
"480","29/05/2023 04:25",0.28,27.8,"wood","1"
"481","29/05/2023 04:30",0.28,27.8,"wood","1"
"482","29/05/2023 04:35",0.28,27.8,"wood","1"
"483","29/05/2023 04:40",0.28,27.8,"wood","1"
"484","29/05/2023 04:45",0.28,27.8,"wood","1"
"485","29/05/2023 04:50",0.28,27.8,"wood","1"
"486","29/05/2023 04:55",0.28,27.8,"wood","1"
"487","29/05/2023 05:00",0.28,27.8,"wood","1"
"488","29/05/2023 05:05",0.28,27.7,"wood","1"
"489","29/05/2023 05:10",0.28,27.7,"wood","1"
"490","29/05/2023 05:15",0.28,27.7,"wood","1"
"491","29/05/2023 05:20",0.28,27.7,"wood","1"
"492","29/05/2023 05:25",0.28,27.7,"wood","1"
"493","29/05/2023 05:30",0.28,27.7,"wood","1"
"494","29/05/2023 05:35",0.28,27.7,"wood","1"
"495","29/05/2023 05:40",0.28,27.7,"wood","1"
"496","29/05/2023 05:45",0.28,27.7,"wood","1"
"497","29/05/2023 05:50",0.28,27.7,"wood","1"
"498","29/05/2023 05:55",0.28,27.7,"wood","1"
"499","29/05/2023 06:00",0.28,27.7,"wood","1"
"500","29/05/2023 06:05",0.28,27.7,"wood","1"
"501","29/05/2023 06:10",0.28,27.7,"wood","1"
"502","29/05/2023 06:15",0.28,27.7,"wood","1"
"503","29/05/2023 06:20",0.28,27.6,"wood","1"
"504","29/05/2023 06:25",0.28,27.6,"wood","1"
"505","29/05/2023 06:30",0.28,27.6,"wood","1"
"506","29/05/2023 06:35",0.28,27.6,"wood","1"
"507","29/05/2023 06:40",0.28,27.6,"wood","1"
"508","29/05/2023 06:45",0.28,27.6,"wood","1"
"509","29/05/2023 06:50",0.28,27.6,"wood","1"
"510","29/05/2023 06:55",0.28,27.6,"wood","1"
"511","29/05/2023 07:00",0.28,27.6,"wood","1"
"512","29/05/2023 07:05",0.28,27.6,"wood","1"
"513","29/05/2023 07:10",0.28,27.6,"wood","1"
"514","29/05/2023 07:15",0.28,27.6,"wood","1"
"515","29/05/2023 07:20",0.28,27.6,"wood","1"
"516","29/05/2023 07:25",0.28,27.6,"wood","1"
"517","29/05/2023 07:30",0.28,27.6,"wood","1"
"518","29/05/2023 07:35",0.28,27.6,"wood","1"
"519","29/05/2023 07:40",0.28,27.6,"wood","1"
"520","29/05/2023 07:45",0.28,27.5,"wood","1"
"521","29/05/2023 07:50",0.28,27.5,"wood","1"
"522","29/05/2023 07:55",0.28,27.5,"wood","1"
"523","29/05/2023 08:00",0.28,27.5,"wood","1"
"524","29/05/2023 08:05",0.28,27.5,"wood","1"
"525","29/05/2023 08:10",0.28,27.5,"wood","1"
"526","29/05/2023 08:15",0.279,27.5,"wood","1"
"527","29/05/2023 08:20",0.28,27.5,"wood","1"
"528","29/05/2023 08:25",0.28,27.5,"wood","1"
"529","29/05/2023 08:30",0.279,27.5,"wood","1"
"530","29/05/2023 08:35",0.279,27.5,"wood","1"
"531","29/05/2023 08:40",0.279,27.5,"wood","1"
"532","29/05/2023 08:45",0.279,27.5,"wood","1"
"534","27/05/2023 12:35",0.471,15,"water","1"
"535","27/05/2023 12:40",0.471,15.6,"water","1"
"536","27/05/2023 12:45",0.47,16.1,"water","1"
"537","27/05/2023 12:50",0.47,16.6,"water","1"
"538","27/05/2023 12:55",0.469,17.2,"water","1"
"539","27/05/2023 13:00",0.469,17.6,"water","1"
"540","27/05/2023 13:05",0.469,18.1,"water","1"
"541","27/05/2023 13:10",0.468,18.5,"water","1"
"542","27/05/2023 13:15",0.467,19,"water","1"
"543","27/05/2023 13:20",0.467,19.3,"water","1"
"544","27/05/2023 13:25",0.467,19.7,"water","1"
"545","27/05/2023 13:30",0.466,20.1,"water","1"
"546","27/05/2023 13:35",0.466,20.4,"water","1"
"547","27/05/2023 13:40",0.466,20.7,"water","1"
"548","27/05/2023 13:45",0.465,21,"water","1"
"549","27/05/2023 13:50",0.465,21.3,"water","1"
"550","27/05/2023 13:55",0.465,21.6,"water","1"
"551","27/05/2023 14:00",0.465,21.8,"water","1"
"552","27/05/2023 14:05",0.464,22.1,"water","1"
"553","27/05/2023 14:10",0.464,22.3,"water","1"
"554","27/05/2023 14:15",0.464,22.5,"water","1"
"555","27/05/2023 14:20",0.464,22.7,"water","1"
"556","27/05/2023 14:25",0.464,22.9,"water","1"
"557","27/05/2023 14:30",0.464,23.1,"water","1"
"558","27/05/2023 14:35",0.464,23.3,"water","1"
"559","27/05/2023 14:40",0.463,23.4,"water","1"
"560","27/05/2023 14:45",0.463,23.6,"water","1"
"561","27/05/2023 14:50",0.463,23.7,"water","1"
"562","27/05/2023 14:55",0.463,23.9,"water","1"
"563","27/05/2023 15:00",0.463,24,"water","1"
"564","27/05/2023 15:05",0.463,24.1,"water","1"
"565","27/05/2023 15:10",0.463,24.3,"water","1"
"566","27/05/2023 15:15",0.463,24.4,"water","1"
"567","27/05/2023 15:20",0.463,24.5,"water","1"
"568","27/05/2023 15:25",0.463,24.6,"water","1"
"569","27/05/2023 15:30",0.462,24.7,"water","1"
"570","27/05/2023 15:35",0.462,24.8,"water","1"
"571","27/05/2023 15:40",0.462,24.9,"water","1"
"572","27/05/2023 15:45",0.462,25,"water","1"
"573","27/05/2023 15:50",0.462,25.1,"water","1"
"574","27/05/2023 15:55",0.462,25.2,"water","1"
"575","27/05/2023 16:00",0.462,25.3,"water","1"
"576","27/05/2023 16:05",0.462,25.3,"water","1"
"577","27/05/2023 16:10",0.462,25.4,"water","1"
"578","27/05/2023 16:15",0.462,25.5,"water","1"
"579","27/05/2023 16:20",0.462,25.6,"water","1"
"580","27/05/2023 16:25",0.461,25.6,"water","1"
"581","27/05/2023 16:30",0.461,25.7,"water","1"
"582","27/05/2023 16:35",0.461,25.8,"water","1"
"583","27/05/2023 16:40",0.461,25.8,"water","1"
"584","27/05/2023 16:45",0.461,25.9,"water","1"
"585","27/05/2023 16:50",0.461,25.9,"water","1"
"586","27/05/2023 16:55",0.461,26,"water","1"
"587","27/05/2023 17:00",0.461,26,"water","1"
"588","27/05/2023 17:05",0.461,26.1,"water","1"
"589","27/05/2023 17:10",0.461,26.2,"water","1"
"590","27/05/2023 17:15",0.461,26.2,"water","1"
"591","27/05/2023 17:20",0.461,26.2,"water","1"
"592","27/05/2023 17:25",0.461,26.3,"water","1"
"593","27/05/2023 17:30",0.461,26.3,"water","1"
"594","27/05/2023 17:35",0.461,26.4,"water","1"
"595","27/05/2023 17:40",0.461,26.4,"water","1"
"596","27/05/2023 17:45",0.461,26.4,"water","1"
"597","27/05/2023 17:50",0.461,26.5,"water","1"
"598","27/05/2023 17:55",0.461,26.5,"water","1"
"599","27/05/2023 18:00",0.461,26.6,"water","1"
"600","27/05/2023 18:05",0.461,26.6,"water","1"
"601","27/05/2023 18:10",0.46,26.6,"water","1"
"602","27/05/2023 18:15",0.461,26.7,"water","1"
"603","27/05/2023 18:20",0.461,26.7,"water","1"
"604","27/05/2023 18:25",0.46,26.7,"water","1"
"605","27/05/2023 18:30",0.46,26.7,"water","1"
"606","27/05/2023 18:35",0.46,26.8,"water","1"
"607","27/05/2023 18:40",0.46,26.8,"water","1"
"608","27/05/2023 18:45",0.46,26.8,"water","1"
"609","27/05/2023 18:50",0.46,26.8,"water","1"
"610","27/05/2023 18:55",0.46,26.9,"water","1"
"611","27/05/2023 19:00",0.46,26.9,"water","1"
"612","27/05/2023 19:05",0.46,26.9,"water","1"
"613","27/05/2023 19:10",0.46,26.9,"water","1"
"614","27/05/2023 19:15",0.46,26.9,"water","1"
"615","27/05/2023 19:20",0.46,26.9,"water","1"
"616","27/05/2023 19:25",0.46,27,"water","1"
"617","27/05/2023 19:30",0.46,27,"water","1"
"618","27/05/2023 19:35",0.46,27,"water","1"
"619","27/05/2023 19:40",0.46,27,"water","1"
"620","27/05/2023 19:45",0.46,27,"water","1"
"621","27/05/2023 19:50",0.46,27,"water","1"
"622","27/05/2023 19:55",0.46,27,"water","1"
"623","27/05/2023 20:00",0.46,27,"water","1"
"624","27/05/2023 20:05",0.46,27.1,"water","1"
"625","27/05/2023 20:10",0.46,27.1,"water","1"
"626","27/05/2023 20:15",0.46,27.1,"water","1"
"627","27/05/2023 20:20",0.46,27.1,"water","1"
"628","27/05/2023 20:25",0.46,27.1,"water","1"
"629","27/05/2023 20:30",0.46,27.1,"water","1"
"630","27/05/2023 20:35",0.46,27.1,"water","1"
"631","27/05/2023 20:40",0.46,27.1,"water","1"
"632","27/05/2023 20:45",0.46,27.1,"water","1"
"633","27/05/2023 20:50",0.46,27.1,"water","1"
"634","27/05/2023 20:55",0.46,27.1,"water","1"
"635","27/05/2023 21:00",0.46,27.1,"water","1"
"636","27/05/2023 21:05",0.46,27.1,"water","1"
"637","27/05/2023 21:10",0.46,27.1,"water","1"
"638","27/05/2023 21:15",0.46,27.1,"water","1"
"639","27/05/2023 21:20",0.46,27.1,"water","1"
"640","27/05/2023 21:25",0.46,27.1,"water","1"
"641","27/05/2023 21:30",0.46,27.1,"water","1"
"642","27/05/2023 21:35",0.46,27.1,"water","1"
"643","27/05/2023 21:40",0.46,27.1,"water","1"
"644","27/05/2023 21:45",0.46,27.1,"water","1"
"645","27/05/2023 21:50",0.46,27.1,"water","1"
"646","27/05/2023 21:55",0.46,27.1,"water","1"
"647","27/05/2023 22:00",0.46,27.2,"water","1"
"648","27/05/2023 22:05",0.46,27.2,"water","1"
"649","27/05/2023 22:10",0.46,27.2,"water","1"
"650","27/05/2023 22:15",0.46,27.2,"water","1"
"651","27/05/2023 22:20",0.46,27.2,"water","1"
"652","27/05/2023 22:25",0.46,27.2,"water","1"
"653","27/05/2023 22:30",0.46,27.2,"water","1"
"654","27/05/2023 22:35",0.46,27.2,"water","1"
"655","27/05/2023 22:40",0.46,27.2,"water","1"
"656","27/05/2023 22:45",0.46,27.2,"water","1"
"657","27/05/2023 22:50",0.46,27.2,"water","1"
"658","27/05/2023 22:55",0.46,27.2,"water","1"
"659","27/05/2023 23:00",0.46,27.3,"water","1"
"660","27/05/2023 23:05",0.46,27.3,"water","1"
"661","27/05/2023 23:10",0.46,27.3,"water","1"
"662","27/05/2023 23:15",0.46,27.3,"water","1"
"663","27/05/2023 23:20",0.46,27.3,"water","1"
"664","27/05/2023 23:25",0.46,27.3,"water","1"
"665","27/05/2023 23:30",0.46,27.3,"water","1"
"666","27/05/2023 23:35",0.46,27.3,"water","1"
"667","27/05/2023 23:40",0.46,27.3,"water","1"
"668","27/05/2023 23:45",0.46,27.3,"water","1"
"669","27/05/2023 23:50",0.46,27.3,"water","1"
"670","27/05/2023 23:55",0.46,27.3,"water","1"
"671","28/05/2023 00:00",0.46,27.3,"water","1"
"672","28/05/2023 00:05",0.459,27.3,"water","1"
"673","28/05/2023 00:10",0.46,27.3,"water","1"
"674","28/05/2023 00:15",0.46,27.3,"water","1"
"675","28/05/2023 00:20",0.46,27.3,"water","1"
"676","28/05/2023 00:25",0.46,27.3,"water","1"
"677","28/05/2023 00:30",0.46,27.3,"water","1"
"678","28/05/2023 00:35",0.46,27.3,"water","1"
"679","28/05/2023 00:40",0.46,27.3,"water","1"
"680","28/05/2023 00:45",0.46,27.3,"water","1"
"681","28/05/2023 00:50",0.46,27.3,"water","1"
"682","28/05/2023 00:55",0.46,27.3,"water","1"
"683","28/05/2023 01:00",0.46,27.3,"water","1"
"684","28/05/2023 01:05",0.46,27.3,"water","1"
"685","28/05/2023 01:10",0.46,27.3,"water","1"
"686","28/05/2023 01:15",0.46,27.3,"water","1"
"687","28/05/2023 01:20",0.46,27.3,"water","1"
"688","28/05/2023 01:25",0.46,27.3,"water","1"
"689","28/05/2023 01:30",0.46,27.3,"water","1"
"690","28/05/2023 01:35",0.46,27.3,"water","1"
"691","28/05/2023 01:40",0.46,27.3,"water","1"
"692","28/05/2023 01:45",0.46,27.3,"water","1"
"693","28/05/2023 01:50",0.46,27.3,"water","1"
"694","28/05/2023 01:55",0.46,27.2,"water","1"
"695","28/05/2023 02:00",0.46,27.2,"water","1"
"696","28/05/2023 02:05",0.46,27.2,"water","1"
"697","28/05/2023 02:10",0.459,27.2,"water","1"
"698","28/05/2023 02:15",0.46,27.2,"water","1"
"699","28/05/2023 02:20",0.46,27.2,"water","1"
"700","28/05/2023 02:25",0.46,27.2,"water","1"
"701","28/05/2023 02:30",0.46,27.2,"water","1"
"702","28/05/2023 02:35",0.46,27.2,"water","1"
"703","28/05/2023 02:40",0.46,27.2,"water","1"
"704","28/05/2023 02:45",0.46,27.2,"water","1"
"705","28/05/2023 02:50",0.46,27.2,"water","1"
"706","28/05/2023 02:55",0.46,27.2,"water","1"
"707","28/05/2023 03:00",0.46,27.2,"water","1"
"708","28/05/2023 03:05",0.46,27.2,"water","1"
"709","28/05/2023 03:10",0.46,27.2,"water","1"
"710","28/05/2023 03:15",0.46,27.2,"water","1"
"711","28/05/2023 03:20",0.46,27.2,"water","1"
"712","28/05/2023 03:25",0.46,27.2,"water","1"
"713","28/05/2023 03:30",0.46,27.2,"water","1"
"714","28/05/2023 03:35",0.46,27.2,"water","1"
"715","28/05/2023 03:40",0.46,27.2,"water","1"
"716","28/05/2023 03:45",0.46,27.2,"water","1"
"717","28/05/2023 03:50",0.46,27.2,"water","1"
"718","28/05/2023 03:55",0.46,27.1,"water","1"
"719","28/05/2023 04:00",0.46,27.1,"water","1"
"720","28/05/2023 04:05",0.46,27.1,"water","1"
"721","28/05/2023 04:10",0.46,27.1,"water","1"
"722","28/05/2023 04:15",0.46,27.1,"water","1"
"723","28/05/2023 04:20",0.46,27.1,"water","1"
"724","28/05/2023 04:25",0.46,27.1,"water","1"
"725","28/05/2023 04:30",0.46,27.1,"water","1"
"726","28/05/2023 04:35",0.46,27.1,"water","1"
"727","28/05/2023 04:40",0.46,27.1,"water","1"
"728","28/05/2023 04:45",0.46,27.1,"water","1"
"729","28/05/2023 04:50",0.46,27.1,"water","1"
"730","28/05/2023 04:55",0.46,27.1,"water","1"
"731","28/05/2023 05:00",0.46,27.1,"water","1"
"732","28/05/2023 05:05",0.46,27,"water","1"
"733","28/05/2023 05:10",0.46,27,"water","1"
"734","28/05/2023 05:15",0.46,27,"water","1"
"735","28/05/2023 05:20",0.46,27,"water","1"
"736","28/05/2023 05:25",0.46,27,"water","1"
"737","28/05/2023 05:30",0.46,27,"water","1"
"738","28/05/2023 05:35",0.46,27,"water","1"
"739","28/05/2023 05:40",0.46,27,"water","1"
"740","28/05/2023 05:45",0.46,26.9,"water","1"
"741","28/05/2023 05:50",0.46,26.9,"water","1"
"742","28/05/2023 05:55",0.46,26.9,"water","1"
"743","28/05/2023 06:00",0.46,26.9,"water","1"
"744","28/05/2023 06:05",0.46,26.9,"water","1"
"745","28/05/2023 06:10",0.46,26.9,"water","1"
"746","28/05/2023 06:15",0.46,26.9,"water","1"
"747","28/05/2023 06:20",0.46,26.9,"water","1"
"748","28/05/2023 06:25",0.46,26.8,"water","1"
"749","28/05/2023 06:30",0.46,26.8,"water","1"
"750","28/05/2023 06:35",0.46,26.8,"water","1"
"751","28/05/2023 06:40",0.46,26.8,"water","1"
"752","28/05/2023 06:45",0.46,26.8,"water","1"
"753","28/05/2023 06:50",0.46,26.8,"water","1"
"754","28/05/2023 06:55",0.46,26.8,"water","1"
"755","28/05/2023 07:00",0.46,26.8,"water","1"
"756","28/05/2023 07:05",0.46,26.7,"water","1"
"757","28/05/2023 07:10",0.46,26.7,"water","1"
"758","28/05/2023 07:15",0.46,26.7,"water","1"
"759","28/05/2023 07:20",0.46,26.7,"water","1"
"760","28/05/2023 07:25",0.46,26.7,"water","1"
"761","28/05/2023 07:30",0.46,26.7,"water","1"
"762","28/05/2023 07:35",0.46,26.7,"water","1"
"763","28/05/2023 07:40",0.46,26.7,"water","1"
"764","28/05/2023 07:45",0.46,26.7,"water","1"
"765","28/05/2023 07:50",0.46,26.7,"water","1"
"766","28/05/2023 07:55",0.46,26.7,"water","1"
"767","28/05/2023 08:00",0.46,26.7,"water","1"
"768","28/05/2023 08:05",0.46,26.7,"water","1"
"769","28/05/2023 08:10",0.46,26.7,"water","1"
"770","28/05/2023 08:15",0.46,26.7,"water","1"
"771","28/05/2023 08:20",0.46,26.7,"water","1"
"772","28/05/2023 08:25",0.46,26.7,"water","1"
"773","28/05/2023 08:30",0.46,26.7,"water","1"
"774","28/05/2023 08:35",0.46,26.7,"water","1"
"775","28/05/2023 08:40",0.46,26.7,"water","1"
"776","28/05/2023 08:45",0.46,26.7,"water","1"
"777","28/05/2023 08:50",0.46,26.7,"water","1"
"778","28/05/2023 08:55",0.46,26.7,"water","1"
"779","28/05/2023 09:00",0.46,26.7,"water","1"
"780","28/05/2023 09:05",0.46,26.7,"water","1"
"781","28/05/2023 09:10",0.46,26.7,"water","1"
"782","28/05/2023 09:15",0.46,26.7,"water","1"
"783","28/05/2023 09:20",0.46,26.7,"water","1"
"784","28/05/2023 09:25",0.46,26.7,"water","1"
"785","28/05/2023 09:30",0.46,26.7,"water","1"
"786","28/05/2023 09:35",0.46,26.7,"water","1"
"787","28/05/2023 09:40",0.46,26.8,"water","1"
"788","28/05/2023 09:45",0.46,26.8,"water","1"
"789","28/05/2023 09:50",0.46,26.8,"water","1"
"790","28/05/2023 09:55",0.46,26.8,"water","1"
"791","28/05/2023 10:00",0.46,26.8,"water","1"
"792","28/05/2023 10:05",0.46,26.8,"water","1"
"793","28/05/2023 10:10",0.46,26.8,"water","1"
"794","28/05/2023 10:15",0.46,26.8,"water","1"
"795","28/05/2023 10:20",0.46,26.8,"water","1"
"796","28/05/2023 10:25",0.46,26.8,"water","1"
"797","28/05/2023 10:30",0.46,26.8,"water","1"
"798","28/05/2023 10:35",0.46,26.8,"water","1"
"799","28/05/2023 10:40",0.46,26.8,"water","1"
"800","28/05/2023 10:45",0.46,26.9,"water","1"
"801","28/05/2023 10:50",0.46,26.9,"water","1"
"802","28/05/2023 10:55",0.46,26.9,"water","1"
"803","28/05/2023 11:00",0.46,26.9,"water","1"
"804","28/05/2023 11:05",0.46,26.9,"water","1"
"805","28/05/2023 11:10",0.46,26.9,"water","1"
"806","28/05/2023 11:15",0.46,26.9,"water","1"
"807","28/05/2023 11:20",0.46,26.9,"water","1"
"808","28/05/2023 11:25",0.46,26.9,"water","1"
"809","28/05/2023 11:30",0.46,26.9,"water","1"
"810","28/05/2023 11:35",0.46,26.9,"water","1"
"811","28/05/2023 11:40",0.46,27,"water","1"
"812","28/05/2023 11:45",0.46,27,"water","1"
"813","28/05/2023 11:50",0.459,27,"water","1"
"814","28/05/2023 11:55",0.46,27,"water","1"
"815","28/05/2023 12:00",0.459,27,"water","1"
"816","28/05/2023 12:05",0.46,27,"water","1"
"817","28/05/2023 12:10",0.459,27,"water","1"
"818","28/05/2023 12:15",0.459,27,"water","1"
"819","28/05/2023 12:20",0.459,27,"water","1"
"820","28/05/2023 12:25",0.459,27,"water","1"
"821","28/05/2023 12:30",0.459,27.1,"water","1"
"822","28/05/2023 12:35",0.459,27.1,"water","1"
"823","28/05/2023 12:40",0.459,27.1,"water","1"
"824","28/05/2023 12:45",0.459,27.1,"water","1"
"825","28/05/2023 12:50",0.459,27.1,"water","1"
"826","28/05/2023 12:55",0.46,27.1,"water","1"
"827","28/05/2023 13:00",0.459,27.1,"water","1"
"828","28/05/2023 13:05",0.459,27.2,"water","1"
"829","28/05/2023 13:10",0.459,27.2,"water","1"
"830","28/05/2023 13:15",0.459,27.2,"water","1"
"831","28/05/2023 13:20",0.459,27.2,"water","1"
"832","28/05/2023 13:25",0.459,27.2,"water","1"
"833","28/05/2023 13:30",0.459,27.2,"water","1"
"834","28/05/2023 13:35",0.459,27.3,"water","1"
"835","28/05/2023 13:40",0.459,27.3,"water","1"
"836","28/05/2023 13:45",0.459,27.3,"water","1"
"837","28/05/2023 13:50",0.459,27.3,"water","1"
"838","28/05/2023 13:55",0.459,27.3,"water","1"
"839","28/05/2023 14:00",0.459,27.3,"water","1"
"840","28/05/2023 14:05",0.459,27.4,"water","1"
"841","28/05/2023 14:10",0.459,27.4,"water","1"
"842","28/05/2023 14:15",0.459,27.4,"water","1"
"843","28/05/2023 14:20",0.459,27.4,"water","1"
"844","28/05/2023 14:25",0.459,27.4,"water","1"
"845","28/05/2023 14:30",0.459,27.5,"water","1"
"846","28/05/2023 14:35",0.459,27.5,"water","1"
"847","28/05/2023 14:40",0.459,27.5,"water","1"
"848","28/05/2023 14:45",0.459,27.5,"water","1"
"849","28/05/2023 14:50",0.459,27.5,"water","1"
"850","28/05/2023 14:55",0.459,27.5,"water","1"
"851","28/05/2023 15:00",0.459,27.6,"water","1"
"852","28/05/2023 15:05",0.459,27.6,"water","1"
"853","28/05/2023 15:10",0.459,27.6,"water","1"
"854","28/05/2023 15:15",0.459,27.6,"water","1"
"855","28/05/2023 15:20",0.459,27.6,"water","1"
"856","28/05/2023 15:25",0.459,27.6,"water","1"
"857","28/05/2023 15:30",0.459,27.7,"water","1"
"858","28/05/2023 15:35",0.459,27.7,"water","1"
"859","28/05/2023 15:40",0.459,27.7,"water","1"
"860","28/05/2023 15:45",0.459,27.7,"water","1"
"861","28/05/2023 15:50",0.459,27.7,"water","1"
"862","28/05/2023 15:55",0.459,27.7,"water","1"
"863","28/05/2023 16:00",0.459,27.8,"water","1"
"864","28/05/2023 16:05",0.459,27.8,"water","1"
"865","28/05/2023 16:10",0.459,27.8,"water","1"
"866","28/05/2023 16:15",0.459,27.8,"water","1"
"867","28/05/2023 16:20",0.459,27.8,"water","1"
"868","28/05/2023 16:25",0.459,27.8,"water","1"
"869","28/05/2023 16:30",0.459,27.8,"water","1"
"870","28/05/2023 16:35",0.459,27.8,"water","1"
"871","28/05/2023 16:40",0.459,27.8,"water","1"
"872","28/05/2023 16:45",0.459,27.8,"water","1"
"873","28/05/2023 16:50",0.459,27.8,"water","1"
"874","28/05/2023 16:55",0.458,27.8,"water","1"
"875","28/05/2023 17:00",0.459,27.8,"water","1"
"876","28/05/2023 17:05",0.459,27.8,"water","1"
"877","28/05/2023 17:10",0.459,27.8,"water","1"
"878","28/05/2023 17:15",0.459,27.8,"water","1"
"879","28/05/2023 17:20",0.459,27.8,"water","1"
"880","28/05/2023 17:25",0.459,27.8,"water","1"
"881","28/05/2023 17:30",0.459,27.8,"water","1"
"882","28/05/2023 17:35",0.459,27.8,"water","1"
"883","28/05/2023 17:40",0.459,27.8,"water","1"
"884","28/05/2023 17:45",0.459,27.8,"water","1"
"885","28/05/2023 17:50",0.459,27.8,"water","1"
"886","28/05/2023 17:55",0.459,27.8,"water","1"
"887","28/05/2023 18:00",0.458,27.8,"water","1"
"888","28/05/2023 18:05",0.459,27.8,"water","1"
"889","28/05/2023 18:10",0.459,27.8,"water","1"
"890","28/05/2023 18:15",0.459,27.8,"water","1"
"891","28/05/2023 18:20",0.459,27.8,"water","1"
"892","28/05/2023 18:25",0.459,27.8,"water","1"
"893","28/05/2023 18:30",0.459,27.8,"water","1"
"894","28/05/2023 18:35",0.459,27.8,"water","1"
"895","28/05/2023 18:40",0.459,27.8,"water","1"
"896","28/05/2023 18:45",0.459,27.8,"water","1"
"897","28/05/2023 18:50",0.459,27.8,"water","1"
"898","28/05/2023 18:55",0.459,27.8,"water","1"
"899","28/05/2023 19:00",0.458,27.8,"water","1"
"900","28/05/2023 19:05",0.459,27.8,"water","1"
"901","28/05/2023 19:10",0.458,27.8,"water","1"
"902","28/05/2023 19:15",0.459,27.8,"water","1"
"903","28/05/2023 19:20",0.459,27.8,"water","1"
"904","28/05/2023 19:25",0.459,27.8,"water","1"
"905","28/05/2023 19:30",0.459,27.8,"water","1"
"906","28/05/2023 19:35",0.459,27.8,"water","1"
"907","28/05/2023 19:40",0.459,27.8,"water","1"
"908","28/05/2023 19:45",0.459,27.8,"water","1"
"909","28/05/2023 19:50",0.459,27.8,"water","1"
"910","28/05/2023 19:55",0.459,27.8,"water","1"
"911","28/05/2023 20:00",0.459,27.8,"water","1"
"912","28/05/2023 20:05",0.459,27.8,"water","1"
"913","28/05/2023 20:10",0.459,27.8,"water","1"
"914","28/05/2023 20:15",0.459,27.8,"water","1"
"915","28/05/2023 20:20",0.459,27.8,"water","1"
"916","28/05/2023 20:25",0.459,27.8,"water","1"
"917","28/05/2023 20:30",0.459,27.8,"water","1"
"918","28/05/2023 20:35",0.458,27.8,"water","1"
"919","28/05/2023 20:40",0.458,27.7,"water","1"
"920","28/05/2023 20:45",0.459,27.7,"water","1"
"921","28/05/2023 20:50",0.459,27.7,"water","1"
"922","28/05/2023 20:55",0.459,27.7,"water","1"
"923","28/05/2023 21:00",0.459,27.7,"water","1"
"924","28/05/2023 21:05",0.459,27.7,"water","1"
"925","28/05/2023 21:10",0.459,27.7,"water","1"
"926","28/05/2023 21:15",0.459,27.7,"water","1"
"927","28/05/2023 21:20",0.459,27.7,"water","1"
"928","28/05/2023 21:25",0.458,27.7,"water","1"
"929","28/05/2023 21:30",0.459,27.7,"water","1"
"930","28/05/2023 21:35",0.459,27.7,"water","1"
"931","28/05/2023 21:40",0.459,27.7,"water","1"
"932","28/05/2023 21:45",0.459,27.7,"water","1"
"933","28/05/2023 21:50",0.459,27.7,"water","1"
"934","28/05/2023 21:55",0.459,27.7,"water","1"
"935","28/05/2023 22:00",0.459,27.7,"water","1"
"936","28/05/2023 22:05",0.459,27.7,"water","1"
"937","28/05/2023 22:10",0.459,27.7,"water","1"
"938","28/05/2023 22:15",0.459,27.7,"water","1"
"939","28/05/2023 22:20",0.459,27.7,"water","1"
"940","28/05/2023 22:25",0.459,27.7,"water","1"
"941","28/05/2023 22:30",0.459,27.7,"water","1"
"942","28/05/2023 22:35",0.459,27.7,"water","1"
"943","28/05/2023 22:40",0.459,27.7,"water","1"
"944","28/05/2023 22:45",0.459,27.7,"water","1"
"945","28/05/2023 22:50",0.459,27.7,"water","1"
"946","28/05/2023 22:55",0.459,27.7,"water","1"
"947","28/05/2023 23:00",0.459,27.7,"water","1"
"948","28/05/2023 23:05",0.459,27.7,"water","1"
"949","28/05/2023 23:10",0.459,27.7,"water","1"
"950","28/05/2023 23:15",0.458,27.7,"water","1"
"951","28/05/2023 23:20",0.459,27.7,"water","1"
"952","28/05/2023 23:25",0.459,27.7,"water","1"
"953","28/05/2023 23:30",0.459,27.7,"water","1"
"954","28/05/2023 23:35",0.459,27.7,"water","1"
"955","28/05/2023 23:40",0.459,27.7,"water","1"
"956","28/05/2023 23:45",0.459,27.7,"water","1"
"957","28/05/2023 23:50",0.459,27.7,"water","1"
"958","28/05/2023 23:55",0.459,27.7,"water","1"
"959","29/05/2023 00:00",0.459,27.7,"water","1"
"960","29/05/2023 00:05",0.458,27.7,"water","1"
"961","29/05/2023 00:10",0.459,27.7,"water","1"
"962","29/05/2023 00:15",0.459,27.7,"water","1"
"963","29/05/2023 00:20",0.459,27.7,"water","1"
"964","29/05/2023 00:25",0.459,27.7,"water","1"
"965","29/05/2023 00:30",0.459,27.7,"water","1"
"966","29/05/2023 00:35",0.458,27.7,"water","1"
"967","29/05/2023 00:40",0.459,27.7,"water","1"
"968","29/05/2023 00:45",0.459,27.7,"water","1"
"969","29/05/2023 00:50",0.458,27.7,"water","1"
"970","29/05/2023 00:55",0.458,27.7,"water","1"
"971","29/05/2023 01:00",0.459,27.7,"water","1"
"972","29/05/2023 01:05",0.458,27.7,"water","1"
"973","29/05/2023 01:10",0.459,27.7,"water","1"
"974","29/05/2023 01:15",0.458,27.7,"water","1"
"975","29/05/2023 01:20",0.459,27.7,"water","1"
"976","29/05/2023 01:25",0.459,27.7,"water","1"
"977","29/05/2023 01:30",0.458,27.7,"water","1"
"978","29/05/2023 01:35",0.459,27.7,"water","1"
"979","29/05/2023 01:40",0.459,27.7,"water","1"
"980","29/05/2023 01:45",0.459,27.7,"water","1"
"981","29/05/2023 01:50",0.459,27.7,"water","1"
"982","29/05/2023 01:55",0.459,27.7,"water","1"
"983","29/05/2023 02:00",0.459,27.7,"water","1"
"984","29/05/2023 02:05",0.459,27.7,"water","1"
"985","29/05/2023 02:10",0.458,27.7,"water","1"
"986","29/05/2023 02:15",0.458,27.7,"water","1"
"987","29/05/2023 02:20",0.458,27.7,"water","1"
"988","29/05/2023 02:25",0.458,27.7,"water","1"
"989","29/05/2023 02:30",0.459,27.7,"water","1"
"990","29/05/2023 02:35",0.459,27.7,"water","1"
"991","29/05/2023 02:40",0.459,27.7,"water","1"
"992","29/05/2023 02:45",0.459,27.7,"water","1"
"993","29/05/2023 02:50",0.458,27.7,"water","1"
"994","29/05/2023 02:55",0.459,27.7,"water","1"
"995","29/05/2023 03:00",0.459,27.7,"water","1"
"996","29/05/2023 03:05",0.458,27.7,"water","1"
"997","29/05/2023 03:10",0.459,27.7,"water","1"
"998","29/05/2023 03:15",0.458,27.7,"water","1"
"999","29/05/2023 03:20",0.459,27.7,"water","1"
"1000","29/05/2023 03:25",0.458,27.7,"water","1"
"1001","29/05/2023 03:30",0.458,27.7,"water","1"
"1002","29/05/2023 03:35",0.459,27.7,"water","1"
"1003","29/05/2023 03:40",0.458,27.7,"water","1"
"1004","29/05/2023 03:45",0.458,27.7,"water","1"
"1005","29/05/2023 03:50",0.459,27.7,"water","1"
"1006","29/05/2023 03:55",0.459,27.7,"water","1"
"1007","29/05/2023 04:00",0.459,27.7,"water","1"
"1008","29/05/2023 04:05",0.459,27.7,"water","1"
"1009","29/05/2023 04:10",0.459,27.7,"water","1"
"1010","29/05/2023 04:15",0.459,27.6,"water","1"
"1011","29/05/2023 04:20",0.459,27.6,"water","1"
"1012","29/05/2023 04:25",0.459,27.6,"water","1"
"1013","29/05/2023 04:30",0.459,27.6,"water","1"
"1014","29/05/2023 04:35",0.459,27.6,"water","1"
"1015","29/05/2023 04:40",0.459,27.6,"water","1"
"1016","29/05/2023 04:45",0.458,27.6,"water","1"
"1017","29/05/2023 04:50",0.459,27.6,"water","1"
"1018","29/05/2023 04:55",0.459,27.6,"water","1"
"1019","29/05/2023 05:00",0.459,27.6,"water","1"
"1020","29/05/2023 05:05",0.459,27.6,"water","1"
"1021","29/05/2023 05:10",0.459,27.6,"water","1"
"1022","29/05/2023 05:15",0.459,27.6,"water","1"
"1023","29/05/2023 05:20",0.459,27.6,"water","1"
"1024","29/05/2023 05:25",0.459,27.6,"water","1"
"1025","29/05/2023 05:30",0.459,27.6,"water","1"
"1026","29/05/2023 05:35",0.459,27.6,"water","1"
"1027","29/05/2023 05:40",0.459,27.6,"water","1"
"1028","29/05/2023 05:45",0.459,27.5,"water","1"
"1029","29/05/2023 05:50",0.458,27.5,"water","1"
"1030","29/05/2023 05:55",0.459,27.5,"water","1"
"1031","29/05/2023 06:00",0.459,27.5,"water","1"
"1032","29/05/2023 06:05",0.459,27.5,"water","1"
"1033","29/05/2023 06:10",0.459,27.5,"water","1"
"1034","29/05/2023 06:15",0.459,27.5,"water","1"
"1035","29/05/2023 06:20",0.459,27.5,"water","1"
"1036","29/05/2023 06:25",0.459,27.5,"water","1"
"1037","29/05/2023 06:30",0.459,27.5,"water","1"
"1038","29/05/2023 06:35",0.459,27.5,"water","1"
"1039","29/05/2023 06:40",0.459,27.5,"water","1"
"1040","29/05/2023 06:45",0.459,27.5,"water","1"
"1041","29/05/2023 06:50",0.459,27.5,"water","1"
"1042","29/05/2023 06:55",0.459,27.4,"water","1"
"1043","29/05/2023 07:00",0.459,27.4,"water","1"
"1044","29/05/2023 07:05",0.459,27.4,"water","1"
"1045","29/05/2023 07:10",0.459,27.4,"water","1"
"1046","29/05/2023 07:15",0.459,27.4,"water","1"
"1047","29/05/2023 07:20",0.459,27.4,"water","1"
"1048","29/05/2023 07:25",0.459,27.4,"water","1"
"1049","29/05/2023 07:30",0.459,27.4,"water","1"
"1050","29/05/2023 07:35",0.459,27.4,"water","1"
"1051","29/05/2023 07:40",0.459,27.4,"water","1"
"1052","29/05/2023 07:45",0.459,27.4,"water","1"
"1053","29/05/2023 07:50",0.459,27.4,"water","1"
"1054","29/05/2023 07:55",0.459,27.4,"water","1"
"1055","29/05/2023 08:00",0.459,27.4,"water","1"
"1056","29/05/2023 08:05",0.459,27.4,"water","1"
"1057","29/05/2023 08:10",0.459,27.4,"water","1"
"1058","29/05/2023 08:15",0.459,27.4,"water","1"
"1059","29/05/2023 08:20",0.459,27.4,"water","1"
"1060","29/05/2023 08:25",0.459,27.4,"water","1"
"1061","29/05/2023 08:30",0.459,27.4,"water","1"
"1062","29/05/2023 08:35",0.459,27.4,"water","1"
"1063","29/05/2023 08:40",0.459,27.4,"water","1"
"1064","29/05/2023 08:45",0.459,27.4,"water","1"
"1066","27/05/2023 12:35",0.471,15,"water","2"
"1067","27/05/2023 12:40",0.471,15.6,"water","2"
"1068","27/05/2023 12:45",0.47,16.1,"water","2"
"1069","27/05/2023 12:50",0.47,16.6,"water","2"
"1070","27/05/2023 12:55",0.469,17.2,"water","2"
"1071","27/05/2023 13:00",0.469,17.6,"water","2"
"1072","27/05/2023 13:05",0.469,18.1,"water","2"
"1073","27/05/2023 13:10",0.468,18.5,"water","2"
"1074","27/05/2023 13:15",0.467,19,"water","2"
"1075","27/05/2023 13:20",0.467,19.3,"water","2"
"1076","27/05/2023 13:25",0.467,19.7,"water","2"
"1077","27/05/2023 13:30",0.466,20.1,"water","2"
"1078","27/05/2023 13:35",0.466,20.4,"water","2"
"1079","27/05/2023 13:40",0.466,20.7,"water","2"
"1080","27/05/2023 13:45",0.465,21,"water","2"
"1081","27/05/2023 13:50",0.465,21.3,"water","2"
"1082","27/05/2023 13:55",0.465,21.6,"water","2"
"1083","27/05/2023 14:00",0.465,21.8,"water","2"
"1084","27/05/2023 14:05",0.464,22.1,"water","2"
"1085","27/05/2023 14:10",0.464,22.3,"water","2"
"1086","27/05/2023 14:15",0.464,22.5,"water","2"
"1087","27/05/2023 14:20",0.464,22.7,"water","2"
"1088","27/05/2023 14:25",0.464,22.9,"water","2"
"1089","27/05/2023 14:30",0.464,23.1,"water","2"
"1090","27/05/2023 14:35",0.464,23.3,"water","2"
"1091","27/05/2023 14:40",0.463,23.4,"water","2"
"1092","27/05/2023 14:45",0.463,23.6,"water","2"
"1093","27/05/2023 14:50",0.463,23.7,"water","2"
"1094","27/05/2023 14:55",0.463,23.9,"water","2"
"1095","27/05/2023 15:00",0.463,24,"water","2"
"1096","27/05/2023 15:05",0.463,24.1,"water","2"
"1097","27/05/2023 15:10",0.463,24.3,"water","2"
"1098","27/05/2023 15:15",0.463,24.4,"water","2"
"1099","27/05/2023 15:20",0.463,24.5,"water","2"
"1100","27/05/2023 15:25",0.463,24.6,"water","2"
"1101","27/05/2023 15:30",0.462,24.7,"water","2"
"1102","27/05/2023 15:35",0.462,24.8,"water","2"
"1103","27/05/2023 15:40",0.462,24.9,"water","2"
"1104","27/05/2023 15:45",0.462,25,"water","2"
"1105","27/05/2023 15:50",0.462,25.1,"water","2"
"1106","27/05/2023 15:55",0.462,25.2,"water","2"
"1107","27/05/2023 16:00",0.462,25.3,"water","2"
"1108","27/05/2023 16:05",0.462,25.3,"water","2"
"1109","27/05/2023 16:10",0.462,25.4,"water","2"
"1110","27/05/2023 16:15",0.462,25.5,"water","2"
"1111","27/05/2023 16:20",0.462,25.6,"water","2"
"1112","27/05/2023 16:25",0.461,25.6,"water","2"
"1113","27/05/2023 16:30",0.461,25.7,"water","2"
"1114","27/05/2023 16:35",0.461,25.8,"water","2"
"1115","27/05/2023 16:40",0.461,25.8,"water","2"
"1116","27/05/2023 16:45",0.461,25.9,"water","2"
"1117","27/05/2023 16:50",0.461,25.9,"water","2"
"1118","27/05/2023 16:55",0.461,26,"water","2"
"1119","27/05/2023 17:00",0.461,26,"water","2"
"1120","27/05/2023 17:05",0.461,26.1,"water","2"
"1121","27/05/2023 17:10",0.461,26.2,"water","2"
"1122","27/05/2023 17:15",0.461,26.2,"water","2"
"1123","27/05/2023 17:20",0.461,26.2,"water","2"
"1124","27/05/2023 17:25",0.461,26.3,"water","2"
"1125","27/05/2023 17:30",0.461,26.3,"water","2"
"1126","27/05/2023 17:35",0.461,26.4,"water","2"
"1127","27/05/2023 17:40",0.461,26.4,"water","2"
"1128","27/05/2023 17:45",0.461,26.4,"water","2"
"1129","27/05/2023 17:50",0.461,26.5,"water","2"
"1130","27/05/2023 17:55",0.461,26.5,"water","2"
"1131","27/05/2023 18:00",0.461,26.6,"water","2"
"1132","27/05/2023 18:05",0.461,26.6,"water","2"
"1133","27/05/2023 18:10",0.46,26.6,"water","2"
"1134","27/05/2023 18:15",0.461,26.7,"water","2"
"1135","27/05/2023 18:20",0.461,26.7,"water","2"
"1136","27/05/2023 18:25",0.46,26.7,"water","2"
"1137","27/05/2023 18:30",0.46,26.7,"water","2"
"1138","27/05/2023 18:35",0.46,26.8,"water","2"
"1139","27/05/2023 18:40",0.46,26.8,"water","2"
"1140","27/05/2023 18:45",0.46,26.8,"water","2"
"1141","27/05/2023 18:50",0.46,26.8,"water","2"
"1142","27/05/2023 18:55",0.46,26.9,"water","2"
"1143","27/05/2023 19:00",0.46,26.9,"water","2"
"1144","27/05/2023 19:05",0.46,26.9,"water","2"
"1145","27/05/2023 19:10",0.46,26.9,"water","2"
"1146","27/05/2023 19:15",0.46,26.9,"water","2"
"1147","27/05/2023 19:20",0.46,26.9,"water","2"
"1148","27/05/2023 19:25",0.46,27,"water","2"
"1149","27/05/2023 19:30",0.46,27,"water","2"
"1150","27/05/2023 19:35",0.46,27,"water","2"
"1151","27/05/2023 19:40",0.46,27,"water","2"
"1152","27/05/2023 19:45",0.46,27,"water","2"
"1153","27/05/2023 19:50",0.46,27,"water","2"
"1154","27/05/2023 19:55",0.46,27,"water","2"
"1155","27/05/2023 20:00",0.46,27,"water","2"
"1156","27/05/2023 20:05",0.46,27.1,"water","2"
"1157","27/05/2023 20:10",0.46,27.1,"water","2"
"1158","27/05/2023 20:15",0.46,27.1,"water","2"
"1159","27/05/2023 20:20",0.46,27.1,"water","2"
"1160","27/05/2023 20:25",0.46,27.1,"water","2"
"1161","27/05/2023 20:30",0.46,27.1,"water","2"
"1162","27/05/2023 20:35",0.46,27.1,"water","2"
"1163","27/05/2023 20:40",0.46,27.1,"water","2"
"1164","27/05/2023 20:45",0.46,27.1,"water","2"
"1165","27/05/2023 20:50",0.46,27.1,"water","2"
"1166","27/05/2023 20:55",0.46,27.1,"water","2"
"1167","27/05/2023 21:00",0.46,27.1,"water","2"
"1168","27/05/2023 21:05",0.46,27.1,"water","2"
"1169","27/05/2023 21:10",0.46,27.1,"water","2"
"1170","27/05/2023 21:15",0.46,27.1,"water","2"
"1171","27/05/2023 21:20",0.46,27.1,"water","2"
"1172","27/05/2023 21:25",0.46,27.1,"water","2"
"1173","27/05/2023 21:30",0.46,27.1,"water","2"
"1174","27/05/2023 21:35",0.46,27.1,"water","2"
"1175","27/05/2023 21:40",0.46,27.1,"water","2"
"1176","27/05/2023 21:45",0.46,27.1,"water","2"
"1177","27/05/2023 21:50",0.46,27.1,"water","2"
"1178","27/05/2023 21:55",0.46,27.1,"water","2"
"1179","27/05/2023 22:00",0.46,27.2,"water","2"
"1180","27/05/2023 22:05",0.46,27.2,"water","2"
"1181","27/05/2023 22:10",0.46,27.2,"water","2"
"1182","27/05/2023 22:15",0.46,27.2,"water","2"
"1183","27/05/2023 22:20",0.46,27.2,"water","2"
"1184","27/05/2023 22:25",0.46,27.2,"water","2"
"1185","27/05/2023 22:30",0.46,27.2,"water","2"
"1186","27/05/2023 22:35",0.46,27.2,"water","2"
"1187","27/05/2023 22:40",0.46,27.2,"water","2"
"1188","27/05/2023 22:45",0.46,27.2,"water","2"
"1189","27/05/2023 22:50",0.46,27.2,"water","2"
"1190","27/05/2023 22:55",0.46,27.2,"water","2"
"1191","27/05/2023 23:00",0.46,27.3,"water","2"
"1192","27/05/2023 23:05",0.46,27.3,"water","2"
"1193","27/05/2023 23:10",0.46,27.3,"water","2"
"1194","27/05/2023 23:15",0.46,27.3,"water","2"
"1195","27/05/2023 23:20",0.46,27.3,"water","2"
"1196","27/05/2023 23:25",0.46,27.3,"water","2"
"1197","27/05/2023 23:30",0.46,27.3,"water","2"
"1198","27/05/2023 23:35",0.46,27.3,"water","2"
"1199","27/05/2023 23:40",0.46,27.3,"water","2"
"1200","27/05/2023 23:45",0.46,27.3,"water","2"
"1201","27/05/2023 23:50",0.46,27.3,"water","2"
"1202","27/05/2023 23:55",0.46,27.3,"water","2"
"1203","28/05/2023 00:00",0.46,27.3,"water","2"
"1204","28/05/2023 00:05",0.459,27.3,"water","2"
"1205","28/05/2023 00:10",0.46,27.3,"water","2"
"1206","28/05/2023 00:15",0.46,27.3,"water","2"
"1207","28/05/2023 00:20",0.46,27.3,"water","2"
"1208","28/05/2023 00:25",0.46,27.3,"water","2"
"1209","28/05/2023 00:30",0.46,27.3,"water","2"
"1210","28/05/2023 00:35",0.46,27.3,"water","2"
"1211","28/05/2023 00:40",0.46,27.3,"water","2"
"1212","28/05/2023 00:45",0.46,27.3,"water","2"
"1213","28/05/2023 00:50",0.46,27.3,"water","2"
"1214","28/05/2023 00:55",0.46,27.3,"water","2"
"1215","28/05/2023 01:00",0.46,27.3,"water","2"
"1216","28/05/2023 01:05",0.46,27.3,"water","2"
"1217","28/05/2023 01:10",0.46,27.3,"water","2"
"1218","28/05/2023 01:15",0.46,27.3,"water","2"
"1219","28/05/2023 01:20",0.46,27.3,"water","2"
"1220","28/05/2023 01:25",0.46,27.3,"water","2"
"1221","28/05/2023 01:30",0.46,27.3,"water","2"
"1222","28/05/2023 01:35",0.46,27.3,"water","2"
"1223","28/05/2023 01:40",0.46,27.3,"water","2"
"1224","28/05/2023 01:45",0.46,27.3,"water","2"
"1225","28/05/2023 01:50",0.46,27.3,"water","2"
"1226","28/05/2023 01:55",0.46,27.2,"water","2"
"1227","28/05/2023 02:00",0.46,27.2,"water","2"
"1228","28/05/2023 02:05",0.46,27.2,"water","2"
"1229","28/05/2023 02:10",0.459,27.2,"water","2"
"1230","28/05/2023 02:15",0.46,27.2,"water","2"
"1231","28/05/2023 02:20",0.46,27.2,"water","2"
"1232","28/05/2023 02:25",0.46,27.2,"water","2"
"1233","28/05/2023 02:30",0.46,27.2,"water","2"
"1234","28/05/2023 02:35",0.46,27.2,"water","2"
"1235","28/05/2023 02:40",0.46,27.2,"water","2"
"1236","28/05/2023 02:45",0.46,27.2,"water","2"
"1237","28/05/2023 02:50",0.46,27.2,"water","2"
"1238","28/05/2023 02:55",0.46,27.2,"water","2"
"1239","28/05/2023 03:00",0.46,27.2,"water","2"
"1240","28/05/2023 03:05",0.46,27.2,"water","2"
"1241","28/05/2023 03:10",0.46,27.2,"water","2"
"1242","28/05/2023 03:15",0.46,27.2,"water","2"
"1243","28/05/2023 03:20",0.46,27.2,"water","2"
"1244","28/05/2023 03:25",0.46,27.2,"water","2"
"1245","28/05/2023 03:30",0.46,27.2,"water","2"
"1246","28/05/2023 03:35",0.46,27.2,"water","2"
"1247","28/05/2023 03:40",0.46,27.2,"water","2"
"1248","28/05/2023 03:45",0.46,27.2,"water","2"
"1249","28/05/2023 03:50",0.46,27.2,"water","2"
"1250","28/05/2023 03:55",0.46,27.1,"water","2"
"1251","28/05/2023 04:00",0.46,27.1,"water","2"
"1252","28/05/2023 04:05",0.46,27.1,"water","2"
"1253","28/05/2023 04:10",0.46,27.1,"water","2"
"1254","28/05/2023 04:15",0.46,27.1,"water","2"
"1255","28/05/2023 04:20",0.46,27.1,"water","2"
"1256","28/05/2023 04:25",0.46,27.1,"water","2"
"1257","28/05/2023 04:30",0.46,27.1,"water","2"
"1258","28/05/2023 04:35",0.46,27.1,"water","2"
"1259","28/05/2023 04:40",0.46,27.1,"water","2"
"1260","28/05/2023 04:45",0.46,27.1,"water","2"
"1261","28/05/2023 04:50",0.46,27.1,"water","2"
"1262","28/05/2023 04:55",0.46,27.1,"water","2"
"1263","28/05/2023 05:00",0.46,27.1,"water","2"
"1264","28/05/2023 05:05",0.46,27,"water","2"
"1265","28/05/2023 05:10",0.46,27,"water","2"
"1266","28/05/2023 05:15",0.46,27,"water","2"
"1267","28/05/2023 05:20",0.46,27,"water","2"
"1268","28/05/2023 05:25",0.46,27,"water","2"
"1269","28/05/2023 05:30",0.46,27,"water","2"
"1270","28/05/2023 05:35",0.46,27,"water","2"
"1271","28/05/2023 05:40",0.46,27,"water","2"
"1272","28/05/2023 05:45",0.46,26.9,"water","2"
"1273","28/05/2023 05:50",0.46,26.9,"water","2"
"1274","28/05/2023 05:55",0.46,26.9,"water","2"
"1275","28/05/2023 06:00",0.46,26.9,"water","2"
"1276","28/05/2023 06:05",0.46,26.9,"water","2"
"1277","28/05/2023 06:10",0.46,26.9,"water","2"
"1278","28/05/2023 06:15",0.46,26.9,"water","2"
"1279","28/05/2023 06:20",0.46,26.9,"water","2"
"1280","28/05/2023 06:25",0.46,26.8,"water","2"
"1281","28/05/2023 06:30",0.46,26.8,"water","2"
"1282","28/05/2023 06:35",0.46,26.8,"water","2"
"1283","28/05/2023 06:40",0.46,26.8,"water","2"
"1284","28/05/2023 06:45",0.46,26.8,"water","2"
"1285","28/05/2023 06:50",0.46,26.8,"water","2"
"1286","28/05/2023 06:55",0.46,26.8,"water","2"
"1287","28/05/2023 07:00",0.46,26.8,"water","2"
"1288","28/05/2023 07:05",0.46,26.7,"water","2"
"1289","28/05/2023 07:10",0.46,26.7,"water","2"
"1290","28/05/2023 07:15",0.46,26.7,"water","2"
"1291","28/05/2023 07:20",0.46,26.7,"water","2"
"1292","28/05/2023 07:25",0.46,26.7,"water","2"
"1293","28/05/2023 07:30",0.46,26.7,"water","2"
"1294","28/05/2023 07:35",0.46,26.7,"water","2"
"1295","28/05/2023 07:40",0.46,26.7,"water","2"
"1296","28/05/2023 07:45",0.46,26.7,"water","2"
"1297","28/05/2023 07:50",0.46,26.7,"water","2"
"1298","28/05/2023 07:55",0.46,26.7,"water","2"
"1299","28/05/2023 08:00",0.46,26.7,"water","2"
"1300","28/05/2023 08:05",0.46,26.7,"water","2"
"1301","28/05/2023 08:10",0.46,26.7,"water","2"
"1302","28/05/2023 08:15",0.46,26.7,"water","2"
"1303","28/05/2023 08:20",0.46,26.7,"water","2"
"1304","28/05/2023 08:25",0.46,26.7,"water","2"
"1305","28/05/2023 08:30",0.46,26.7,"water","2"
