num,species,sample,treatment,segment,VWC_FDR_f,RAW_VWC_f,Temp_f,mass_f,volume_cal_f,VWC_est,VWC_FDR_exp,RAW_VWC_exp,Temp_exp,mass_exp,VWC_est_exp,diff_perc,dry_mass,VWC_grav,VWC_exp,density,denscat
1,Manilkara_bidentata,A,W,1,0.251,24403,28.2,1040.86,898.4062,0.318562797,0.282,25210,27,1060.04,0.339911715,2.134891767,758.37,0.314434607,0.335783524,0.844128191,0.8
2,Manilkara_bidentata,A,W,2,0.259,24613,27.5,922.38,796.5451,0.317975864,0.278,25109,27,933.53,0.331973815,1.399795191,649.58,0.342479039,0.35647699,0.815496825,0.8
3,Manilkara_bidentata,A,D,3,0.262,24710,26.8,865.75,750.2446,0.313956989,0.117,20957,26.6,680.9,0.067570678,-24.63863119,669.59,0.261461395,0.015075084,0.892495594,0.9
4,Manilkara_bidentata,A,D,4,0.268,24853,29.5,815.39,720.4065,0.291847089,0.179,22559,27.2,709.13,0.144347032,-14.75000573,564.45,0.348331116,0.200831059,0.783515973,0.8
5,Manilkara_bidentata,A,D,5,0.266,24778,28.2,886.17,773.9093,0.305056662,0.19,22820,26.6,811.35,0.208378667,-9.667799573,603.07,0.36580514,0.269127144,0.779251522,0.8
6,Manilkara_bidentata,A,D,6,0.264,24742,29,863.09,746.129,0.316757076,0.151,21824,26.5,712.97,0.115558623,-20.11984523,603.36,0.348103344,0.146904892,0.808653731,0.8
7,Manilkara_bidentata,A,D,7,0.263,24708,27.6,843.08,737.8978,0.302543046,0.171,22350,26.1,750.04,0.176455124,-12.60879217,593.38,0.338393745,0.212305823,0.804149301,0.8
8,Manilkara_bidentata,A,D,8,0.258,24595,29.2,836.54,730.6955,0.304854457,0.222,23634,25.3,794.74,0.247648685,-5.720577176,604.56,0.317478348,0.260272576,0.827376109,0.8
9,Manilkara_bidentata,A,W,9,0.264,24726,28.6,907.66,791.4006,0.306903351,0.291,25437,27.5,924.11,0.327689284,2.078593319,677.63,0.290661897,0.311447831,0.856241453,0.9
10,Manilkara_bidentata,A,D,10,0.265,24744,27.6,823.13,729.6666,0.288090555,0.181,22614,26.8,719.76,0.146423114,-14.1667441,584.82,0.326601218,0.184933777,0.801489338,0.8
11,Manilkara_bidentata,A,D,11,0.259,24622,29,770.74,702.9152,0.256490729,NA,NA,NA,NA,NA,NA,NA,NA,NA,NA,NA
12,Manilkara_bidentata,A,D,12,0.258,24590,29.5,813.73,724.5221,0.283126541,0.153,22328,27.3,693.36,0.116989442,-16.61370992,568.31,0.338733629,0.172596529,0.784392912,0.8
13,Manilkara_bidentata,A,W,13,0.265,24777,29.7,790.71,701.8863,0.286549984,0.295,25550,27.6,807.28,0.310157796,2.360781226,586.03,0.291614183,0.315221995,0.834935801,0.8
14,Manilkara_bidentata,A,W,14,0.263,24725,29.1,841.77,747.1579,0.286629324,0.295,25537,27,855.46,0.304952091,1.832276685,578.06,0.352950829,0.371273596,0.773678496,0.8
15,Manilkara_bidentata,A,D,15,0.264,24723,29.4,726.72,660.7303,0.259873882,0.135,NA,29,557.26,0.003400098,-25.64737836,516.11,0.318753355,0.062279572,0.781120527,0.8
16,Manilkara_bidentata,B,W,1,0.244,24220,29.3,798.43,704.973,0.292568198,0.259,24612,27,806.75,0.304370068,1.180187043,650.94,0.209213686,NA,NA,NA
17,Manilkara_bidentata,B,W,2,0.246,24269,29.5,881.24,768.7648,0.306306387,0.287,25319,27.5,895.82,0.325271875,1.896548853,647.42,0.304150242,0.323115731,0.842156145,0.8
18,Manilkara_bidentata,B,D,3,0.25,24380,29.3,892.5,771.8515,0.316310508,0.169,22288,27.5,751.49,0.133619926,-18.26905823,727.6,0.213642132,NA,0.942668376,0.9
19,Manilkara_bidentata,B,D,4,0.25,24368,29.5,923.91,800.6607,0.313934494,0.186,22719,29.2,816.48,0.179757808,-13.41766868,658.01,0.332100726,0.197924039,0.821833768,0.8
20,Manilkara_bidentata,B,W,5,0.259,24616,29,900.39,770.8226,0.328089778,0.284,25252,27,911.84,0.342944039,1.485426089,636.95,0.341764759,0.35661902,0.82632502,0.8
21,Manilkara_bidentata,B,D,6,0.254,24470,29.1,914.76,790.3717,0.317379496,0.178,22532,28.3,776.81,0.142841364,-17.45381319,731.41,0.23197946,NA,NA,NA
22,Manilkara_bidentata,B,D,7,0.263,24725,29.5,909.43,784.1983,0.319693919,0.206,23249,29.2,838.54,0.229295866,-9.039805366,601.58,0.392566523,NA,NA,NA
23,Manilkara_bidentata,B,D,8,0.253,24443,29.2,949.17,823.2965,0.312889633,0.18,25560,28.1,803.61,0.136088202,-17.68014318,675.33,0.33261407,0.155812639,0.820275563,0.8
24,Manilkara_bidentata,B,D,9,0.25,24384,29.1,923.99,803.7474,0.309602475,0.226,23760,29.2,885.16,0.261291276,-4.831119827,667.55,0.319055464,0.270744266,0.83054701,0.8
25,Manilkara_bidentata,B,W,10,0.231,,28.1,967.42,845.9323,0.303613975,0.276,25055,27,983.2,0.32226795,1.865397503,825.31,0.167992167,NA,NA,NA
26,Manilkara_bidentata,C,D,1,0.226,23735,29.8,908.84,783.1694,0.320464135,0.175,NA,NA,814.73,0.200298561,-12.01655734,687.36,0.282799609,0.162634035,0.877664526,0.9
27,Manilkara_bidentata,C,W,2,0.226,23759,30.4,976.79,833.5855,0.331793415,0.264,NA,NA,996.97,0.35600209,2.420867446,706.86,0.323818013,0.348026687,0.847975403,0.8
28,Manilkara_bidentata,C,D,3,0.226,23817,30,996.01,852.1057,0.328880809,0.179,NA,NA,900.78,0.217122373,-11.17584356,743.06,0.296852843,0.185094408,0.872027966,0.9
29,Manilkara_bidentata,C,D,4,0.228,23716,30.9,684.51,743.0423,0.081226154,0.14,21836,NA,732.43,0.145717771,6.449161777,615.4,0.09300951,0.157501127,0.828216644,0.8
30,Manilkara_bidentata,C,D,5,0.224,23715,29.9,847.73,734.8111,0.313670651,0.114,21944,NA,724.89,0.146498435,-16.71722161,616.92,0.314107939,0.146935723,0.839562712,0.8
31,Manilkara_bidentata,C,W,6,0.229,23786,30.5,916.89,771.8515,0.347909851,0.277,25065,NA,935.5,0.372020706,2.411085552,658.9,0.334248233,0.358359089,0.853661618,0.9
32,Manilkara_bidentata,C,D,7,0.237,24035,30,905.66,775.9671,0.327137112,0.184,22658,NA,820.68,0.217622159,-10.95149524,699.49,0.265694254,0.156179302,0.901442858,0.9
33,Manilkara_bidentata,C,D,8,0.233,23948,29.9,902.45,782.1405,0.313820829,0.158,22002,NA,NA,NA,NA,NA,NA,NA,NA,NA
34,Manilkara_bidentata,C,D,9,0.233,23945,30.2,964.47,834.6144,0.315587538,0.168,22236,NA,853.88,0.183083235,-13.25043038,735.11,0.274809541,0.142305237,0.880777998,0.9
35,Manilkara_bidentata,C,D,10,0.237,24046,30,976.74,829.4699,0.33754725,0.164,22159,NA,839.04,0.17153761,-16.60096406,721.56,0.307642266,0.141632626,0.869904984,0.9
36,Manilkara_bidentata,C,D,11,0.231,23886,30,911.77,778.0249,0.331903367,0.164,22243,NA,804.26,0.193720129,-13.81832381,701.28,0.27054404,0.132360802,0.901359327,0.9
37,Manilkara_bidentata,C,W,12,0.22,23613,20.6,898.5,738.9267,0.375952814,0.244,24212,NA,913.52,0.396279593,2.032677937,686.5,0.286902612,0.307229391,0.929050202,0.9
38,Protium_tenuifolium,A,D,1,0.167,22226,28,881.14,1094.9261,0.239748375,0.151,21844,27.4,833.78,0.196494315,-4.325406071,596.27,0.26017281,0.216918749,0.544575565,0.5
39,Protium_tenuifolium,A,W,2,0.155,21942,27.7,957.61,1147.4,0.26959125,0.22,23593,26.8,1055.85,0.355210912,8.561966184,630.82,0.284809134,0.370428796,0.549782116,0.5
40,Protium_tenuifolium,A,D,3,NA,NA,NA,NA,NA,NA,NA,NA,NA,NA,NA,NA,NA,NA,NA,NA,NA
41,Protium_tenuifolium,A,D,4,0.156,21966,27,1034.6,1288.3593,0.238036855,0.121,21064,26.1,913.4,0.143963718,-9.407313627,611.41,0.328472034,0.234398898,0.474564821,0.5
42,Protium_tenuifolium,A,D,5,0.159,22022,27.7,928.11,1170.0358,0.228232139,0.1,20515,26.5,739.54,0.06706613,-16.11660088,614.75,0.267820865,0.106654856,0.525411274,0.5
43,Protium_tenuifolium,A,W,6,0.162,22109,27,981.76,1241.0299,0.226084888,0.199,NA,NA,1028.43,0.263690751,3.760586268,653.62,0.264409423,0.302015286,0.526675465,0.5
44,Protium_tenuifolium,A,D,7,0.154,21913,27.7,1017.54,1293.5038,0.221654048,0.133,21354,25.6,929.64,0.153699087,-6.795496078,694.96,0.249384656,0.181429695,0.537269392,0.5
45,Protium_tenuifolium,A,D,8,0.153,21864,27.1,1099.9,1406.6828,0.216910463,0.113,20847,26.9,931.96,0.097523207,-11.93872563,760.65,0.24117022,0.121782963,0.540740244,0.5
46,Protium_tenuifolium,A,D,9,0.159,22031,26.7,1157.71,1479.7347,0.217376733,NA,NA,NA,NA,NA,NA,NA,NA,NA,NA,NA
47,Protium_tenuifolium,A,D,10,0.157,22005,27.2,1131.21,1423.1452,0.229866188,0.076,19879,29.5,859.3,0.038803463,-19.1062725,760.91,0.260198327,0.069135602,0.534667861,0.5
48,Protium_tenuifolium,A,D,11,0.164,22166,27.5,1139.63,1448.8677,0.221565951,0.12,21016,27.5,939.38,0.083354574,-13.82113771,788.44,0.242389281,0.104177904,0.54417667,0.5
49,Protium_tenuifolium,A,W,12,0.163,22134,28,1167.26,1486.937,0.220009721,0.242,24182,27.8,1320.91,0.323342949,10.3333228,802.74,0.245148248,0.348481476,0.539861474,0.5
50,Protium_tenuifolium,B,D,1,0.178,22534,28.1,392.78,507.4242,0.209066353,0.135,21412,29.2,347.47,0.119772228,-8.929412511,269.89,0.242183956,0.152889831,0.531882397,0.5
51,Protium_tenuifolium,B,W,2,0.183,22658,27.2,374.73,478.615,0.217946627,0.21,23343,29,395.64,0.261635187,4.36885597,256.46,0.247108845,0.290797405,0.535837782,0.5
52,Protium_tenuifolium,B,W,3,0.183,22650,27.8,351.14,410.7076,0.289963483,0.214,NA,27.5,380.08,0.360427238,7.046375572,241.67,0.266539991,0.337003747,0.588423492,0.6
53,Protium_tenuifolium,B,D,4,0.175,22434,28.4,370.87,405.5631,0.349456961,0.133,NA,30,319.52,0.222842878,-12.6614083,254.91,0.285923448,0.159309365,0.628533513,0.6
54,Protium_tenuifolium,B,D,5,0.173,22389,28.6,385.93,488.904,0.224377874,0.109,20986,28,306,0.060889745,-16.34881285,263.35,0.250724069,0.08723594,0.538653805,0.5
55,Protium_tenuifolium,B,W,6,0.181,22579,28.2,369.15,469.3549,0.221505052,0.229,23848,27.6,410.51,0.309626003,8.812095069,253.75,0.245869384,0.333990334,0.540635668,0.5
56,Protium_tenuifolium,B,D,7,0.174,22425,28.3,378,481.7017,0.219718011,0.115,20885,28,307.68,0.073735549,-14.59824618,262.79,0.239172916,0.093190454,0.545545096,0.5
57,Protium_tenuifolium,B,D,8,0.183,22646,29.1,420.5,538.2912,0.216175691,0.169,22301,29.4,402.68,0.183070933,-3.310475817,294.2,0.234631367,0.201526609,0.546544324,0.5
58,Protium_tenuifolium,B,D,9,0.182,22615,28,430.21,531.0889,0.245052705,0.14,21543,30,379.99,0.150492265,-9.456043988,307.36,0.231317205,0.136756765,0.5787355,0.6
59,Protium_tenuifolium,B,W,10,0.173,22396,27.6,463.64,572.2449,0.245212551,0.222,23669,27.1,507.77,0.322329883,7.711733211,324.05,0.243934022,0.321051354,0.566278529,0.6
60,Protium_tenuifolium,C,D,1,0.127,21214,30.1,373.23,509.482,0.167567588,0.091,NA,NA,305.83,0.035276359,-13.22912291,252.01,0.237927935,0.105636706,0.494639654,0.5
61,Protium_tenuifolium,C,W,2,0.13,21286,30.3,382.01,475.5283,0.238338098,0.209,NA,NA,411.75,0.406025279,16.76871808,248.73,0.280277746,0.342818713,0.523060352,0.5
62,Protium_tenuifolium,C,D,3,0.131,21325,30.1,430.49,511.5398,0.276557197,0.099,NA,NA,367.1,0.15263722,-12.39199765,289.89,0.274856424,0.150936447,0.566700773,0.6
63,Protium_tenuifolium,C,D,4,0.124,21126,30.2,393.39,499.193,0.223051916,0.07,NA,NA,293.6,0.023149273,-19.99026429,261.74,0.263725653,0.06382301,0.524326263,0.5
64,Protium_tenuifolium,C,D,5,0.131,21336,30.3,392.46,541.3779,0.159928003,0.1,NA,NA,330.11,0.044758913,-11.51690898,266.27,0.233090416,0.117921326,0.491837587,0.5
65,Protium_tenuifolium,C,W,6,0.124,21150,30.6,391.62,521.8288,0.185476018,0.193,NA,NA,416.55,0.329067173,14.35911548,260.02,0.25218999,0.299964279,0.498286028,0.5
66,Protium_tenuifolium,C,D,7,0.138,21492,30,463.41,624.7188,0.176789746,0.103,NA,NA,394.41,0.066340053,-11.04496935,314.64,0.238139144,0.12768945,0.503650602,0.5
67,Protium_tenuifolium,C,D,8,0.137,21456,30.3,413.51,448.7769,0.356415518,0.102,NA,NA,343.72,0.200903949,-15.55115693,278.95,0.29983718,0.14432561,0.621578339,0.6
68,Protium_tenuifolium,C,D,9,0.139,21512,30,412.46,539.3201,0.199777727,0.106,NA,NA,345.21,0.075083691,-12.46940361,288.32,0.230178701,0.105484665,0.534599026,0.5
69,Protium_tenuifolium,C,D,10,0.141,21533,30.3,415.24,534.1756,0.212347374,0.088,NA,NA,314.98,0.024656285,-18.76910888,277.37,0.258098648,0.070407559,0.519248726,0.5
70,Protium_tenuifolium,C,D,11,0.14,21540,29.9,417.05,530.06,0.221797721,0.111,NA,NA,359.26,0.112772328,-10.90253934,286.79,0.245745765,0.136720371,0.541051956,0.5
71,Protium_tenuifolium,C,W,12,0.147,21710,30.3,489.9,637.0656,0.20399459,0.202,NA,NA,548.74,0.296355565,9.236097507,342.13,0.231954135,0.32431511,0.537040455,0.5
72,Voucapoua_americana,A,D,1,0.227,23774,29.6,774.68,687.4817,0.476837267,0.184,22706,29.1,714.04,0.388631283,-8.820598425,532.29,0.352576658,0.264370673,0.774260609,0.8
73,Voucapoua_americana,A,W,2,0.23,23862,29.5,761.05,674.106,0.478976748,0.259,24633,27.7,775.7,0.500709236,2.173248718,548.87,0.31475762,0.336490107,0.814219129,0.8
74,Voucapoua_americana,A,D,3,0.239,24088,29,755.46,665.8748,0.484537604,0.179,22554,28.4,650.51,0.326925392,-15.76122118,567.43,0.282380411,0.1247682,0.852157192,0.9
75,Voucapoua_americana,A,D,4,0.231,23897,29.6,725.51,638.0945,0.486994599,0.214,23443,27.1,706.44,0.457108743,-2.988585546,490.07,0.368973561,0.339087706,0.768021038,0.8
76,Voucapoua_americana,A,D,5,0.232,23911,29.6,721.65,633.9789,0.488287094,0.187,22747,28,651.8,0.378109926,-11.01771684,545.95,0.277138561,0.166961393,0.861148533,0.9
77,Voucapoua_americana,A,W,6,0.236,24015,29.5,785.91,690.5684,0.4880625,0.263,24685,27.3,797.25,0.504483756,1.64212553,539.06,0.35745916,0.373880415,0.780603341,0.8
78,Voucapoua_americana,A,D,7,0.244,24225,29.5,786.91,692.6262,0.486125084,0.187,22769,27.6,700.54,0.361425788,-12.46992967,578.52,0.300869358,0.176170061,0.835255727,0.8
79,Voucapoua_americana,A,W,8,0.221,23630,29.6,696.46,622.661,0.468521957,0.245,24240,27.4,706.6,0.484806901,1.628494478,479.67,0.34816698,0.364451925,0.770354976,0.8
80,Voucapoua_americana,B,D,1,0.257,24559,30.6,786.4,595.9096,0.669663251,0.163,NA,27,655.47,0.449948717,-21.97145339,543.66,0.407343664,0.18762913,0.912319587,0.9
81,Voucapoua_americana,B,W,2,0.257,24567,30.5,769.21,672.0482,0.494575642,0.298,25602,26.2,784.73,0.517669224,2.309358168,523.88,0.365048221,0.388141803,0.779527421,0.8
82,Voucapoua_americana,B,D,3,0.253,24462,30.6,746.86,657.6436,0.485660713,0.199,23047,29.3,678.98,0.382443713,-10.32170008,531.28,0.327806733,0.224589732,0.80785398,0.8
83,Voucapoua_americana,B,D,4,0.244,24223,30.6,727.99,643.239,0.481756625,0.138,21481,27.4,575.07,0.244022284,-23.77343414,485.34,0.37723148,0.139497139,0.754525145,0.8
84,Voucapoua_americana,B,D,5,NA,NA,NA,NA,NA,NA,NA,NA,NA,NA,NA,NA,NA,NA,NA,NA,NA
85,Voucapoua_americana,B,W,6,0.256,24525,29.5,679.35,602.083,0.478332805,0.298,25609,26.1,695.98,0.505953581,2.762077654,464.15,0.357425803,0.38504658,0.770907001,0.8
86,Voucapoua_americana,B,D,7,0.247,24303,38.8,759.91,665.8748,0.491220542,0.183,22641,27.4,666.38,0.350758701,-14.04618406,555.17,0.307475219,0.167013378,0.833745323,0.8
87,Voucapoua_americana,B,D,8,0.254,24486,30.7,835.78,830.4988,0.35635907,0.167,22238,29.3,701.22,0.194335958,-16.20231119,580.06,0.307911342,0.14588823,0.698447728,0.7
88,Voucapoua_americana,B,D,9,0.261,24668,30.6,793.64,694.684,0.492447501,0.205,23204,29,729.3,0.399829851,-9.261765062,591.39,0.291139568,0.198521918,0.851307933,0.9
89,Voucapoua_americana,B,D,10,0.237,24305,30.8,707.36,542.4068,0.654113444,0.138,21486,27.1,668.02,0.581584855,-7.252858924,478.74,0.421491766,NA,NA,NA
90,Voucapoua_americana,B,D,11,0.247,24310,30.5,725.11,615.4587,0.528161914,0.217,24547,25,693.14,0.476216918,-5.194499647,520.91,0.331785057,0.279840061,0.846376857,0.8
91,Voucapoua_americana,B,W,12,0.246,24285,30.3,721.72,632.95,0.490248045,0.259,24598,NA,NA,NA,NA,517.38,0.322837507,NA,NA,NA
92,Voucapoua_americana,C,D,1,0.232,23926,30,630.81,557.8403,0.480807509,0.158,22011,28.5,NA,NA,NA,449.73,NA,NA,NA,NA
93,Voucapoua_americana,C,W,2,0.212,23392,29.9,604.78,505.3664,0.546715888,0.265,24758,26.2,659.74,0.717245626,17.05297384,441.63,0.322835076,0.431587854,0.873880812,0.9
94,Voucapoua_americana,C,D,3,0.223,23682,30.3,763.61,672.0482,0.486242906,0.185,21676,29.1,690.96,0.378140541,-10.81023653,544.72,0.325705805,0.21760344,0.810537101,0.8
95,Voucapoua_americana,C,D,4,0.223,23672,30.3,710.32,638.0945,0.463189347,0.142,21595,26.2,566.27,0.237439086,-22.57502611,484.88,0.353301901,0.12755164,0.759887446,0.8
96,Voucapoua_americana,C,D,5,0.22,23605,30.1,717.97,636.0367,0.47881851,0.16,22047,27.3,621.47,0.327097705,-15.17208048,518.43,0.313724035,0.16200323,0.815094475,0.8
97,Voucapoua_americana,C,W,6,0.213,23419,30.3,658.34,541.3779,0.566045206,0.255,24500,26.1,675.98,0.598628731,3.258352437,459.51,0.367266562,0.399850086,0.848778644,0.8
98,Voucapoua_americana,C,D,7,0.198,23048,30.1,644.81,572.2449,0.476807771,0.125,21147,23.3,NA,NA,NA,485.37,NA,NA,NA,NA
99,Voucapoua_americana,C,D,8,0.214,23459,30.1,622.91,543.4357,0.496244165,0.155,21857,29.2,529.18,0.323767458,-17.2476707,433.35,0.348817717,0.17634101,0.797426448,0.8
100,Voucapoua_americana,C,D,9,0.219,23581,30.1,611.33,484.7884,0.611024397,0.172,21363,29.2,551.53,0.487671611,-12.33527865,445.12,0.342850613,0.219497826,0.918173785,0.9
101,Voucapoua_americana,C,D,10,0.205,23220,30.1,617.52,546.5224,0.479907942,0.118,20976,26.9,497.07,0.259514413,-22.03935282,432.49,0.338558859,0.11816533,0.791349083,0.8
102,Voucapoua_americana,C,D,11,0.201,23102,NA,685.85,602.083,0.489128658,0.178,22530,25.5,671.03,0.464514112,-2.46145465,551.24,0.223573826,0.19895928,0.915554832,0.9
103,Voucapoua_americana,C,W,12,0.21,23364,30.3,722.52,632.95,0.491511968,0.234,23975,29.1,732.11,0.506663244,1.515127577,522.06,0.316707481,0.331858757,0.824804487,0.8
104,Licania_octandra,A,D,1,0.247,24295,30,616.69,552.6958,0.385785573,0.191,22852,28.3,545.41,0.256817703,-12.89678698,399.7,0.392602947,0.263635077,0.723182626,0.7
105,Licania_octandra,A,W,2,0.263,24722,29.8,703.52,628.8344,0.388768312,0.279,25113,27.1,709.66,0.398532409,0.976409688,453.3,0.397910801,0.407674898,0.72085751,0.7
106,Licania_octandra,A,D,3,0.25,24366,30,674.55,602.083,0.390360482,0.149,21783,28.9,583.55,0.23921853,-15.11419522,441.83,0.386524781,0.235382829,0.7338357,0.7
107,Licania_octandra,A,D,4,NA,NA,NA,NA,NA,NA,NA,NA,NA,NA,NA,NA,NA,NA,NA,NA,NA
108,Licania_octandra,A,D,5,0.262,24683,31.4,779.67,685.4239,0.407500458,0.151,21817,27.6,662.3,0.236263359,-17.12370987,503.26,0.403268693,0.232031594,0.734231765,0.7
109,Licania_octandra,A,W,6,0.257,24557,29.9,769.75,680.2794,0.401520372,0.274,24992,27,776.54,0.411501565,0.998119302,504.62,0.389736923,0.399718116,0.74178345,0.7
110,Licania_octandra,A,D,7,0.257,24554,29.9,731.89,649.4124,0.397003426,0.184,22688,28.6,651.75,0.273599562,-12.34038648,474.8,0.395880953,0.272477089,0.731122473,0.7
111,Licania_octandra,A,D,8,0.247,24290,29.8,724.86,638.0945,0.405975941,0.17,22330,27.2,608.27,0.223260058,-18.2715883,483.68,0.377969094,0.195253211,0.758006847,0.8
112,Licania_octandra,A,D,9,0.25,24390,29.8,835.24,735.84,0.405083714,0.177,22495,28.4,756.77,0.298443683,-10.66400304,548.7,0.389405306,0.282765275,0.745678408,0.7
113,Licania_octandra,A,W,10,0.252,24434,30,915.17,791.4006,0.426392856,0.275,25024,27.4,927.38,0.441821199,1.542834312,607.66,0.388564275,0.403992618,0.767828581,0.8
114,Licania_octandra,B,D,1,0.213,24098,28.3,718.35,703.9441,0.320464551,0.076,19901,27.2,506.55,0.019588388,-30.08761633,446,0.386891516,0.086015353,0.633573035,0.6
115,Licania_octandra,B,W,2,0.24,24091,28.9,756.94,713.2042,0.36132297,0.192,22895,24.4,707.85,0.292492753,-6.883021721,460.48,0.415673379,0.346843162,0.645649591,0.6
116,Licania_octandra,B,D,3,0.241,24158,28.3,671.12,694.684,0.266079541,0.178,22551,26.9,585.52,0.142858048,-12.32214935,423.47,0.356493024,0.233271531,0.609586517,0.6
117,Licania_octandra,B,D,4,0.241,24162,28.5,701.49,673.0771,0.34221344,0.083,20078,24.6,480.68,0.014152955,-32.80604852,442.51,0.384770185,0.056709699,0.657443256,0.7
118,Licania_octandra,B,D,5,0.243,24186,28.3,727.6,696.7418,0.344289291,0.143,21631,26.5,579.44,0.131642367,-21.26469232,457.36,0.387862476,0.175215553,0.656426814,0.7
119,Licania_octandra,B,W,6,0.252,24424,27.4,772.52,735.84,0.349847793,0.298,25604,24,791.27,0.375328876,2.548108284,482.09,0.394691781,0.420172864,0.655156012,0.7
120,Licania_octandra,B,D,7,0.247,24308,28.1,763.03,802.7185,0.250557387,0.105,20637,27.1,532.94,-0.036081079,-28.66384667,475.63,0.358033358,0.071394891,0.592524029,0.6
121,Licania_octandra,B,D,8,0.247,24307,28.2,856.76,905.6085,0.246060025,0.116,20911,24.4,709.11,0.083020477,-16.30395474,533.09,0.357406098,0.19436655,0.588653927,0.6
122,Licania_octandra,B,D,9,0.249,24361,28.3,873.39,706.0019,0.537092988,0.146,21706,26.5,713.22,0.31022391,-22.68690778,558.92,0.44542373,0.218554653,0.791669258,0.8
123,Licania_octandra,B,D,10,0.249,24329,28.3,896.99,849.019,0.35650168,0.093,20321,24.2,622.36,0.033034243,-32.34674371,570.17,0.384938382,0.061470945,0.671563298,0.7
124,Licania_octandra,B,D,11,0.257,24548,28.7,762.12,722.4643,0.354889494,0.114,20891,26.5,556.08,0.069698932,-28.51905624,472.72,0.400573426,0.115382864,0.654316068,0.7
125,Licania_octandra,B,W,12,0.245,24243,28.3,765.88,710.1175,0.378525737,0.273,24980,26,770.95,0.3856654,0.713966351,468.62,0.41860678,0.425746443,0.659918957,0.7
126,Licania_octandra,C,D,1,0.215,23475,28.7,515.06,503.3086,0.3233483,0.086,20143,28,366.76,0.028698059,-29.46502404,333.87,0.359997822,0.065347582,0.663350477,0.7
127,Licania_octandra,C,W,2,0.214,24451,28.4,574.53,571.216,0.305801658,0.211,20143,24.4,552.66,0.267514916,-3.828674267,362.37,0.371418168,0.333131425,0.634383491,0.6
128,Licania_octandra,C,D,3,0.214,23460,28.7,569.12,536.2334,0.361328891,0.14,21534,27.1,472.9,0.181892101,-17.943679,369.2,0.37282273,0.19338594,0.688506162,0.7
129,Licania_octandra,C,D,4,0.218,23551,28.5,594.11,570.1871,0.341956228,0.093,20341,24.2,429.81,0.053805198,-28.81510297,382.04,0.371930547,0.083779517,0.670025681,0.7
130,Licania_octandra,C,D,5,0.212,23400,27.4,602.17,577.3894,0.342918349,0.132,21329,26.2,480.87,0.132834825,-21.00835242,390.07,0.367343079,0.157259555,0.67557527,0.7
131,Licania_octandra,C,W,6,0.221,23640,28.3,597.31,570.1871,0.347568421,NA,25341,24,453.25,0.094914511,-25.26539096,378.34,0.384031838,0.131377928,0.663536583,0.7
132,Licania_octandra,C,D,7,0.228,23814,28.4,610.05,582.5339,0.347235191,0.103,20589,27.6,445.3,0.064419032,-28.28161589,394.17,0.370587875,0.087771716,0.676647316,0.7
133,Licania_octandra,C,D,8,0.21,23339,28.5,571.81,549.6091,0.340393982,0.088,20227,24.5,421.81,0.067472737,-27.29212453,388.82,0.332945725,0.060024479,0.707448257,0.7
134,Licania_octandra,C,D,9,0.215,23547,28.5,519.77,562.9848,0.223239846,0.145,21702,26.6,492.72,0.175192368,-4.804747837,385.41,0.238656532,0.190609054,0.684583314,0.7
135,Licania_octandra,C,D,10,0.214,23452,28.4,617.33,588.7073,0.348619577,0.098,22410,24.2,453.2,0.069822287,-27.87972903,417.26,0.339846304,0.061049014,0.708773273,0.7
136,Licania_octandra,C,D,11,0.208,23290,28.6,618.34,583.5628,0.359594614,0.135,21410,26.5,494.31,0.147055364,-21.25392503,404.19,0.36696993,0.15443068,0.692624684,0.7
137,Licania_octandra,C,W,12,0.205,23195,28.5,670.66,630.8922,0.363034224,0.239,24034,26.4,678.36,0.375239161,1.220493771,437.19,0.370063222,0.382268159,0.692971002,0.7
138,Jacaranda_copaia,A,D,1,0.167,22235,26.6,389.85,715.262,0.195045032,0.075,19862,24.6,244.81,-0.007733809,-20.27788419,216.19,0.242792152,0.04001331,0.302252881,0.3
139,Jacaranda_copaia,A,W,2,0.166,22212,26.4,404.39,588.7073,0.336911815,0.209,23317,26.3,445.14,0.406131273,6.921945762,212.39,0.326138303,0.395357761,0.360773512,0.4
140,Jacaranda_copaia,A,D,3,0.173,22410,409.75,684,1013.643,0.324793788,0.111,20816,26.4,330.41,-0.024037112,-34.88309,219.86,0.457892966,0.109062066,0.216900822,0.2
141,Jacaranda_copaia,A,D,4,0.172,22351,26.6,401.13,717.3198,0.209206647,0.074,19847,24,250.69,-0.0005185,-20.97251463,215.83,0.258322717,0.048597571,0.300883929,0.3
142,Jacaranda_copaia,A,D,5,0.168,22362,26.5,399.81,636.0367,0.278595803,0.084,20097,26.4,260.34,0.059316003,-21.92797994,210.2,0.298111728,0.078831929,0.330484074,0.3
143,Jacaranda_copaia,A,W,6,0.169,22296,26.5,412.2,734.8111,0.210960497,0.235,23984,24.2,462.97,0.280053084,6.90925872,212.05,0.272382929,0.341475517,0.288577568,0.3
144,Jacaranda_copaia,A,D,7,0.172,22356,26.6,402.83,717.3198,0.21157658,0.072,16787,24.3,243.15,-0.01102985,-22.26064302,210.46,0.268178851,0.045572421,0.293397729,0.3
145,Jacaranda_copaia,A,D,8,0.168,22259,26.7,398.07,707.0308,0.213016491,0.078,19939,27,248.13,0.000946522,-21.20699692,205.45,0.272435091,0.060365121,0.2905814,0.3
146,Jacaranda_copaia,A,D,9,0.179,22547,26.7,393.88,691.5973,0.219522177,0.113,20857,26.7,300.35,0.084284518,38.39453443,203.38,0.275449311,0.140211652,0.294072866,0.3
147,Jacaranda_copaia,A,D,10,0.179,22552,26.7,416.13,730.6955,0.219498512,0.086,20154,26.6,257.14,0.001911295,-21.75872166,218.27,0.27078311,0.053195894,0.298715402,0.3
148,Jacaranda_copaia,A,D,11,0.181,22584,26.7,413.28,721.4354,0.222857944,0.104,20606,26.1,294.97,0.058865437,-16.39925072,209.77,0.282090399,0.118097892,0.290767545,0.3
149,Jacaranda_copaia,A,W,12,0.188,22804,26.4,428.81,733.7822,0.234383213,0.233,23950,26.3,469.51,0.289849263,5.546604974,212.63,0.294610581,0.35007663,0.289772633,0.3
150,Jacaranda_copaia,B,D,1,0.168,22262,27.4,352.61,637.0656,0.203490881,0.067,19667,24.4,212.19,-0.016925981,-22.04168613,190.46,0.254526378,0.034109517,0.298964502,0.3
151,Jacaranda_copaia,B,W,2,0.177,22495,27.4,346.22,618.5454,0.20973256,0.206,23246,26.6,368.01,0.24496037,3.522781028,175.75,0.275598202,0.310826012,0.284134358,0.3
152,Jacaranda_copaia,B,D,3,0.182,22646,27.3,358.99,637.0656,0.213505548,0.126,21168,26.6,280.04,0.089577965,-12.3927583,185.55,0.272248258,0.148320675,0.29125729,0.3
153,Jacaranda_copaia,B,D,4,0.185,22697,27.3,364.59,652.4991,0.208759391,0.072,19781,24,215.79,-0.0192869,-22.80462916,185.11,0.275065514,0.047019222,0.283693878,0.3
154,Jacaranda_copaia,B,D,5,0.184,22687,27.2,363.63,644.2679,0.214408067,0.087,20179,27.9,228.79,0.005116249,-20.92918179,183.95,0.278890195,0.069598377,0.285517872,0.3
155,Jacaranda_copaia,B,W,6,0.188,22760,27.3,375.49,658.6725,0.220070862,0.228,23817,24.1,415.23,0.280404336,6.033347377,182.5,0.292998417,0.353331891,0.277072445,0.3
156,Jacaranda_copaia,B,D,7,0.183,22651,27.2,399.61,696.7418,0.223541016,0.072,19786,24.1,234.09,-0.01402188,-23.75628963,204.31,0.280304698,0.042741802,0.293236318,0.3
157,Jacaranda_copaia,B,D,8,0.189,22804,27.3,412.61,718.3487,0.224386785,0.075,19856,26.7,240.88,-0.014675387,-23.90621713,202,0.293186304,0.054124132,0.281200481,0.3
158,Jacaranda_copaia,B,D,9,0.191,22858,27.3,412.95,715.262,0.22734089,0.133,21370,26.6,319.14,0.096186153,-13.11547377,209.85,0.283951895,0.152797157,0.293388996,0.3
159,Jacaranda_copaia,B,D,10,0.195,22965,27.2,400.59,678.2216,0.240647659,0.089,20213,27.7,242.79,0.007980342,-23.2667317,198.42,0.298088412,0.065421095,0.292559246,0.3
160,Jacaranda_copaia,B,D,11,0.199,23089,27.2,416.79,700.8574,0.24468588,0.11,20781,26.9,282.7,0.053363081,-19.13227998,207.86,0.298106291,0.106783491,0.29657959,0.3
161,Jacaranda_copaia,B,W,12,0.203,23169,27.2,445.88,720.4065,0.268928341,0.229,23833,27.6,465.25,0.295815939,2.688759749,213.99,0.321887712,0.348775309,0.297040629,0.3
162,Jacaranda_copaia,C,D,1,0.181,22590,27.1,419.56,744.0712,0.213870769,0.069,19699,24.7,241.32,-0.025676199,-23.95469681,211.49,0.279637218,0.040090249,0.284233552,0.3
163,Jacaranda_copaia,C,W,2,0.174,22451,27.2,434.27,763.6203,0.218698868,0.222,23653,26.3,463,0.256322278,3.762341048,227.07,0.271339041,0.308962452,0.297359827,0.3
164,Jacaranda_copaia,C,D,3,0.184,22664,27.1,426.83,757.4469,0.213511449,0.142,21516,26.3,336.32,0.094017924,-11.94935249,223.6,0.268309237,0.148815712,0.295202212,0.3
165,Jacaranda_copaia,C,D,4,0.18,22583,27.3,399.57,716.2909,0.20783202,0.067,19657,24.1,234.89,-0.022074572,-22.99065924,207.78,0.267754344,0.037847752,0.290077677,0.3
166,Jacaranda_copaia,C,D,5,0.183,22638,27.2,402.83,729.6666,0.202074057,0.09,20254,27.7,261.21,0.007985414,-19.40886427,209.61,0.264805872,0.070717229,0.287268185,0.3
167,Jacaranda_copaia,C,W,6,0.181,22604,27.3,410.6,NA,NA,,23545,24.1,475.95,NA,NA,199.24,NA,NA,NA,NA
168,Jacaranda_copaia,C,D,7,0.179,22526,27.3,416.45,740.9845,0.212022552,0.076,19885,24.5,246.98,-0.016686685,-22.87092375,212.84,0.274783076,0.046073838,0.287239477,0.3
169,Jacaranda_copaia,C,D,8,0.183,22657,27.2,426.67,762.5914,0.209500146,0.075,19876,26.9,253.59,-0.017462812,-22.69629581,216.54,0.275547298,0.04858434,0.283952848,0.3
170,Jacaranda_copaia,C,D,9,0.181,22601,27.4,454.36,797.574,0.219677547,0.139,21508,28.5,376.17,0.121642757,55.3733225,225.22,0.287296226,0.189261435,0.282381321,0.3
171,Jacaranda_copaia,C,D,10,0.187,22744,27.3,462.86,813.0075,0.219318241,0.102,20562,27.5,310.07,0.031386396,-18.79318456,230.79,0.285446321,0.097514476,0.28387192,0.3
172,Jacaranda_copaia,C,D,11,0.19,22842,27.3,477.94,823.2965,0.230519898,0.123,21082,26.8,363.03,0.090946852,-13.95730457,234.71,0.295434269,0.155861224,0.285085628,0.3
173,Jacaranda_copaia,C,W,12,0.189,22797,27.2,501.96,843.8745,0.244827785,0.238,24026,27.4,544.91,0.295723979,5.089619369,243.59,0.306171119,0.357067313,0.288656666,0.3
174,Euterpe_oleraceae,A,D,1,0.298,25629,25.5,413.78,568.1293,0.37832012,0.134,21390,25.9,241.95,148.11,0.075871364,-30.24487559,0.467622423,0.165173667,0.260697697,0.3
175,Euterpe_oleraceae,A,W,2,0.312,25975,25.4,426.23,604.1408,0.355514344,0.328,26392,25.4,446.3,146.1,0.388735076,3.322073265,0.4636833,0.496904033,0.241831043,0.2
176,Euterpe_oleraceae,A,D,3,0.278,25111,25.4,412.18,576.3605,0.365142693,0.168,22272,26.2,272.83,150.828,0.123366929,-24.17757636,0.45345231,0.211676546,0.261690383,0.3
177,Euterpe_oleraceae,A,D,4,0.313,22003,25.5,403.18,546.5224,0.387719076,0.147,21710,27.1,243.95,151.83,0.096367798,-29.13512786,0.459907956,0.168556678,0.27781112,0.3
178,Euterpe_oleraceae,A,D,5,0.289,25361,25.5,451.85,604.1408,0.397921677,0.179,22550,26,315.84,168.84,0.172792038,-22.51296387,0.468450401,0.243320762,0.279471276,0.3
179,Euterpe_oleraceae,A,W,6,0.303,25731,25.6,455.2,614.4298,0.390849484,0.35,26957,26.6,488.75,161.61,0.445452955,5.460347138,0.477825132,0.532428603,0.263024352,0.3
180,Euterpe_oleraceae,A,D,7,0.315,26046,25.8,470.37,627.8055,0.399228861,0.176,22479,25.2,322,169.04,0.162897705,-23.63311567,0.479973495,0.243642338,0.269255367,0.3
181,Euterpe_oleraceae,A,D,8,0.298,25621,25.9,449.23,614.4298,0.381133158,0.142,21581,25.9,269.03,166.5,0.087853112,-29.3280046,0.460150208,0.166870162,0.27098295,0.3
182,Euterpe_oleraceae,A,D,9,0.287,25325,26,434.74,574.3027,0.406987561,0.178,22527,25.7,303.71,149.14,0.178832617,43.94056099,0.497298724,0.269143781,0.259688837,0.3
183,Euterpe_oleraceae,A,D,10,0.316,25084,25.8,515.28,664.8459,0.425036742,0.152,21840,25.7,302.65,194.19,0.105218269,-31.98184722,0.48295402,0.163135548,0.292082722,0.3
184,Euterpe_oleraceae,A,D,11,0.324,26267,25.7,407.35,539.3201,0.405302834,0.178,22538,25.8,277.76,171.73,0.165018817,-24.02840169,0.436883402,0.196599385,0.318419432,0.3
185,Euterpe_oleraceae,A,W,12,0.328,26389,25.9,506.57,672.0482,0.40377034,0.357,27139,26.4,534.91,170.58,0.445939934,4.216959438,0.49994926,0.542118854,0.25382108,0.3
186,Euterpe_oleraceae,B,D,1,0.313,26006,25.9,373.15,549.6091,0.328937085,0.182,22617,25.8,256.13,105.99,0.116022124,-21.29149608,0.486090933,0.273175972,0.192846152,0.2
187,Euterpe_oleraceae,B,W,2,0.328,26390,25.7,371.55,550.638,0.32476273,0.363,27297,26.5,400.4,100.75,0.377156498,5.239376868,0.491793156,0.544186925,0.182969573,0.2
188,Euterpe_oleraceae,B,D,3,0.28,25117,25.9,338.58,528.0022,0.291247328,0.177,22486,26.5,242.2,100.79,0.10871021,-18.25371182,0.450357972,0.267820854,0.190889356,0.2
189,Euterpe_oleraceae,B,D,4,0.319,26151,26,367.12,531.0889,0.341259034,0.177,22501,27.7,232.95,106.03,0.08862713,-25.2631904,0.491612609,0.238980705,0.199646425,0.2
190,Euterpe_oleraceae,B,D,5,0.324,26267,25.9,384.35,545.4935,0.354591347,0.184,22657,26.3,283.7,108.13,0.170079524,-18.45118228,0.50636717,0.321855347,0.198224177,0.2
191,Euterpe_oleraceae,B,W,6,0.336,26594,25.9,361.96,536.2334,0.325004578,0.388,27418,26.7,391.5,96.08,0.380092531,5.508795237,0.495828869,0.550916821,0.17917571,0.2
192,Euterpe_oleraceae,B,D,7,0.333,26501,25.9,394.31,573.2738,0.337821421,0.168,22253,25.3,235.74,105.97,0.061217118,-27.66043032,0.502970832,0.226366529,0.18485059,0.2
193,Euterpe_oleraceae,B,D,8,0.333,26516,26,416.89,600.0252,0.344787486,0.18,22566,26.1,297.32,108.89,0.145512522,-19.92749638,0.513311774,0.31403681,0.181475711,0.2
194,Euterpe_oleraceae,B,D,9,0.342,26746,26.2,357.25,609.2853,0.23634272,0.212,23407,25.9,301.8,105.58,0.145334452,61.49309433,0.413057725,0.322049457,0.173284995,0.2
195,Euterpe_oleraceae,B,D,10,0.332,26501,26.3,341.66,483.7595,0.356260032,0.173,22381,26.2,241.81,109.63,0.149855817,-20.64042153,0.47963916,0.273234944,0.226620873,0.2
196,Euterpe_oleraceae,B,D,11,0.359,27178,26.1,418.75,576.3605,0.376541808,0.222,23659,25.7,353.67,125.49,0.263626368,-11.29154409,0.508813494,0.395898053,0.217728314,0.2
197,Euterpe_oleraceae,B,W,12,0.394,28091,26,404.02,564.0137,0.366330118,0.412,28558,21,436.69,108.32,0.424254242,5.792412489,0.524278045,0.58220217,0.192052072,0.2
198,Euterpe_oleraceae,C,D,1,0.441,29289,25.9,526.3,520.7999,0.66056087,0.221,23635,26.5,313.34,114.42,0.251651421,-40.89094487,0.790860367,0.381950918,0.219700503,0.2
199,Euterpe_oleraceae,C,W,2,0.44,29319,26,484.81,575.3316,0.492661867,0.444,29384,26.2,497.3,108.81,0.514371086,2.170921952,0.653536152,0.675245372,0.189125715,0.2
200,Euterpe_oleraceae,C,D,3,0.45,29542,26.2,523.24,629.8633,0.480719936,0.221,23635,26.5,313.34,121.78,0.147473023,-33.32469125,0.637376396,0.304129483,0.19334354,0.2
201,Euterpe_oleraceae,C,D,4,0.478,30250,26.1,495.18,584.5917,0.497052738,0.262,24701,27.3,291.11,112.68,0.14797149,-34.90812476,0.654302824,0.305221576,0.192749914,0.2
202,Euterpe_oleraceae,C,D,5,0.505,30939,26.1,550.79,638.0945,0.513179357,0.297,23593,26.4,427.95,123.21,0.320668686,-19.25106704,0.670088835,0.477578164,0.193090522,0.2
203,Euterpe_oleraceae,C,W,6,0.452,29596,26.1,456.8,537.2623,0.500236467,0.453,29608,26.8,473.61,101.24,0.531524723,3.128825529,0.661799646,0.693087901,0.188436821,0.2
204,Euterpe_oleraceae,C,D,7,0.451,29534,26.1,546.07,638.0945,0.505782333,0.282,25196,25.5,347.47,110.75,0.194543167,-31.1239166,0.6822187,0.370979534,0.173563634,0.2
205,Euterpe_oleraceae,C,D,8,0.451,29977,26.1,527.23,614.4298,0.508080126,0.275,25020,26.1,313.9,117.71,0.160880169,-34.71999568,0.666504131,0.319304174,0.191575995,0.2
206,Euterpe_oleraceae,C,D,9,0.488,30519,26.1,554.34,642.2101,0.513175462,0.3,25664,25.9,439.67,115.8,0.334620189,65.20580454,0.68286064,0.504305367,0.180314822,0.2
207,Euterpe_oleraceae,C,D,10,0.489,30541,26.1,587.18,672.0482,0.523717094,0.289,25371,26.2,364.26,108.06,0.192014695,-33.17023987,0.712925055,0.381222656,0.160792038,0.2
208,Euterpe_oleraceae,C,D,11,0.479,30276,26,604.63,686.4528,0.530803458,0.31,25924,26,514.65,127.04,0.399723797,-13.10796605,0.695736109,0.564656448,0.185067349,0.2
209,Euterpe_oleraceae,C,W,12,0.504,30926,26.2,567.39,645.2968,0.529269818,0.485,30424,26.1,585.16,97.77,0.556807534,2.753771598,0.727758142,0.755295858,0.151511676,0.2
210,Oenocarpus_distichus,A,D,1,0.362,27255,25.8,656.83,378.8117,1.383922157,0.228,23803,26,306.48,199.69,0.45905632,-92.4865837,1.206773708,0.281907871,0.527148449,0.5
211,Oenocarpus_distichus,A,W,2,0.325,26309,26.1,659.33,698.7996,0.593517999,0.345,26823,26.2,671.95,212.7,0.61157754,1.805954096,0.639138889,0.65719843,0.30437911,0.3
212,Oenocarpus_distichus,A,D,3,0.346,26845,26,634.74,650.4413,0.625860543,0.212,23386,26.1,457.72,212.79,0.43057774,-19.52828026,0.64871342,0.376555,0.327147123,0.3
213,Oenocarpus_distichus,A,D,4,0.363,27293,26.1,659.92,664.8459,0.642590915,0.219,22568,25.6,425.17,212.7,0.289501575,-35.308934,0.672667155,0.319577815,0.31992376,0.3
214,Oenocarpus_distichus,A,D,5,0.361,27220,25.9,645.34,678.2216,0.601517911,0.217,23520,26.3,458.16,210.67,0.325531419,-27.59864917,0.640896722,0.36491023,0.310621189,0.3
215,Oenocarpus_distichus,A,W,6,0.347,26889,26.1,601.63,633.9789,0.5989748,0.368,27430,26.1,616.47,198.94,0.622382519,2.340771909,0.635178868,0.658586587,0.313795932,0.3
216,Oenocarpus_distichus,A,D,7,0.345,26837,25.9,602.05,633.9789,0.599637283,0.22,23612,26.2,422.59,196.31,0.316567925,-28.30693577,0.639989754,0.356920396,0.309647529,0.3
217,Oenocarpus_distichus,A,D,8,0.344,26813,26,606.81,640.1523,0.597915051,0.205,23222,25.7,397.49,198.58,0.270930363,-32.69846879,0.637707621,0.310722933,0.31020743,0.3
218,Oenocarpus_distichus,A,D,9,0.348,26899,26.2,628.96,662.7881,0.598960912,0.303,25798,27.1,529.23,215.32,0.448490498,74.87809117,0.624090867,0.473620453,0.324870045,0.3
219,Oenocarpus_distichus,A,D,10,0.343,26775,26.1,605.75,633.9789,0.605473439,0.208,23298,26.1,382.04,209.52,0.252606806,-35.28666333,0.624989254,0.272122621,0.330484185,0.3
220,Oenocarpus_distichus,A,D,11,0.357,27132,26.3,626.17,656.6147,0.603633843,0.23,23887,26.4,495.56,217.75,0.404719625,-19.89142186,0.622008615,0.423094396,0.331625229,0.3
221,Oenocarpus_distichus,A,W,12,0.314,26046,26,672.88,710.1175,0.597561495,0.346,26848,26.5,693.51,242.45,0.626613025,2.90515302,0.606139125,0.635190655,0.34142237,0.3
222,Oenocarpus_distichus,B,D,1,0.386,27872,26.8,613.15,652.4991,0.589694783,0.223,23944,26.1,305.53,117.18,0.118245857,-47.14489261,0.760108328,0.288659402,0.179586455,0.2
223,Oenocarpus_distichus,B,W,2,0.4,28255,26.5,648.46,690.5684,0.589023564,0.403,28324,26.2,651.96,193.5,0.594091852,0.506828867,0.658819604,0.663887893,0.28020396,0.3
224,Oenocarpus_distichus,B,D,3,0.412,28545,26.6,632.18,675.1349,0.586375827,0.218,23549,26.6,432.01,177.9,0.289886932,-29.64888943,0.672872933,0.376384038,0.263502894,0.3
225,Oenocarpus_distichus,B,D,4,0.404,28347,26.6,636.13,674.106,0.593664646,0.28,25162,25.9,352.89,123.9,0.173493338,-42.01713084,0.759865659,0.339694351,0.183798987,0.2
226,Oenocarpus_distichus,B,D,5,0.399,28222,26.5,643.88,684.395,0.59080173,0.284,25258,26.4,455.91,213,0.316150396,-27.46513344,0.629577948,0.354926614,0.311223782,0.3
227,Oenocarpus_distichus,B,W,6,0.393,28060,26.6,693.64,737.8978,0.590021775,0.408,28467,25.6,703.28,129.8,,-59.00217754,0.764116657,0.777180797,0.175905119,0.2
228,Oenocarpus_distichus,B,D,7,0.388,27934,26.7,622.43,659.7014,0.593502621,0.207,23264,26.2,366,133.99,0.204796458,-38.87061631,0.740395579,0.351689416,0.203107042,0.2
229,Oenocarpus_distichus,B,D,8,0.395,28120,26.6,652.4,689.5395,0.596138691,0.249,24174,25.9,364.51,140.28,0.178628164,-41.7510527,0.742698569,0.325188042,0.203440122,0.2
230,Oenocarpus_distichus,B,D,9,0.393,28053,26.6,658.16,698.7996,0.591843699,0.253,24443,26.6,457.13,146.18,0.304164656,51.3927337,0.732656401,0.444977358,0.209187298,0.2
231,Oenocarpus_distichus,B,D,10,0.393,28063,26.6,686.96,720.4065,0.60357274,0.266,24786,26.2,365.67,154.71,0.157588424,-44.59843158,0.738818986,0.29283467,0.214753754,0.2
232,Oenocarpus_distichus,B,D,11,0.39,27976,26.6,693.19,732.7533,0.59600734,0.248,24332,26.7,442.06,157.84,0.253286263,-34.27210768,0.730600599,0.387879522,0.215406741,0.2
233,Oenocarpus_distichus,B,W,12,0.374,27577,26.7,715.17,765.6781,0.584034812,0.379,27693,26.4,729.52,168.16,0.602776369,1.874155732,0.714412493,0.73315405,0.219622319,0.2
234,Oenocarpus_distichus,C,D,1,0.394,28100,26.7,680.93,686.4528,0.641954582,0.239,24043,26,384.58,172,0.210242452,-43.17121294,0.741391105,0.309678976,0.250563476,0.3
235,Oenocarpus_distichus,C,W,2,0.393,28059,26.6,669.61,642.2101,0.692665009,0.383,27840,27.8,680.87,168.76,0.710198212,1.753320292,0.779884963,0.797418166,0.262780047,0.3
236,Oenocarpus_distichus,C,D,3,0.392,28033,26.8,654.26,620.6032,0.704232398,0.23,23866,26.5,349.18,129.15,0.212646148,-49.15862503,0.846128412,0.354542162,0.208103987,0.2
237,Oenocarpus_distichus,C,D,4,0.377,27648,26.8,675.35,629.8633,0.722216781,0.209,23335,26,397.63,184.91,0.281295711,-44.09210697,0.778645144,0.337724074,0.293571637,0.3
238,Oenocarpus_distichus,C,D,5,0.367,27401,26.8,705.02,648.3835,0.73735031,0.257,24557,26.3,417.38,132.87,0.293723969,-44.36263415,0.882425293,0.438798952,0.204925017,0.2
239,Oenocarpus_distichus,C,W,6,0.349,26938,26.7,675.38,615.4587,0.747360392,0.376,27651,25.7,696.4,219.84,0.78151378,3.415338836,0.740163394,0.774316782,0.357196998,0.4
240,Oenocarpus_distichus,C,D,7,0.341,26733,26.8,699.28,604.1408,0.807478522,0.195,22964,26.2,477.55,239.65,0.440461429,-36.70170927,0.760799469,0.393782377,0.396679052,0.4
241,Oenocarpus_distichus,C,D,8,0.353,27030,26.7,711.57,758.4758,0.588157816,0.17,23305,26,414.91,238.09,0.197031296,-39.11265198,0.624251954,0.233125434,0.313905862,0.3
242,Oenocarpus_distichus,C,D,9,0.331,26481,26.9,729.84,775.9671,0.590555341,0.211,23371,26.8,585.27,265.59,0.404245895,68.45182279,0.598285675,0.411976229,0.342269666,0.3
243,Oenocarpus_distichus,C,D,10,0.328,26392,27,714.64,764.6492,0.584598506,0.165,22213,26.4,433.58,246.25,0.217031261,-36.75672452,0.612555404,0.244988159,0.322043102,0.3
244,Oenocarpus_distichus,C,D,11,0.337,26613,27,697.77,758.4758,0.569963432,0.201,23119,26.7,555.37,251.67,0.382218483,-18.77449485,0.588153241,0.400408293,0.331810191,0.3
245,Oenocarpus_distichus,C,W,12,0.316,26074,27.1,672.35,744.0712,0.553609762,0.338,26637,26.3,688.37,252.93,0.57513996,2.153019765,0.563682615,0.585212813,0.339927147,0.3
246,Astrocaryum_vulgare,A,D,1,0.23,23832,27.1,970.75,1006.4407,0.464537702,0.191,22858,29,891.6,0.385894221,-7.864348093,485.2,0.482442731,0.40379925,0.482094971,0.5
247,Astrocaryum_vulgare,A,W,2,0.256,24636,27,782.45,626.7766,0.748371429,0.291,25418,28.6,801.85,0.779323446,3.095201703,415,0.586253539,0.617205556,0.66211789,0.7
248,Astrocaryum_vulgare,A,D,3,0.255,24511,27,832.15,630.8922,0.819005053,0.201,23108,29.7,732.46,0.660990737,-15.80143169,436.67,0.626858281,0.468843964,0.692146772,0.7
249,Astrocaryum_vulgare,A,D,4,0.253,24296,27.9,926.9,725.551,0.77751185,0.176,22479,29.5,653.6,0.400832609,-37.6679241,419.11,0.6998681,0.323188859,0.577643749,0.6
250,Astrocaryum_vulgare,A,D,5,0.251,24400,26.8,875.4,627.8055,0.894380903,0.193,22908,29.5,772.4,0.730317351,-16.40635515,481.75,0.627025408,0.462961857,0.767355495,0.8
251,Astrocaryum_vulgare,A,W,6,0.243,24184,26.8,890.62,704.973,0.763339163,0.244,24231,27.2,930.8,0.820334254,5.699509059,447.3,0.628846779,NA,0.634492385,0.6
252,Astrocaryum_vulgare,A,D,7,0.279,25166,26.8,904.4,1015.7008,0.390419698,0.171,22341,29,593,0.083833349,-30.65863491,402.1,0.494535399,0.18794905,0.3958843,0.4
253,Astrocaryum_vulgare,A,D,8,0.266,24778,26.7,836.3,787.285,0.562258267,0.146,21701,27.2,512,0.150336282,-41.1921985,395.75,0.559581346,0.147659361,0.502676921,0.5
254,Astrocaryum_vulgare,A,D,9,0.286,25300,26.7,890.6,828.441,0.575031294,0.223,23671,28.9,773.9,0.434164292,-14.0867002,408.13,0.582383054,0.441516052,0.492648239,0.5
255,Astrocaryum_vulgare,A,D,10,0.24,24136,26.7,874,650.4413,0.843703114,0.192,22890,28.8,775.56,0.69235971,-15.13434033,438.66,0.669299443,0.51795604,0.67440367,0.7
256,Astrocaryum_vulgare,A,D,11,0.29,25399,26.6,880.2,776.996,0.632824365,0.218,23564,30,830.6,0.568988772,-6.383559246,408.46,0.607133113,0.54329752,0.525691252,0.5
257,Astrocaryum_vulgare,A,W,12,0.291,25445,26.7,758.8,838.73,0.404701155,0.318,26143,28.1,797.07,0.450329665,4.562850977,323.8,0.518641279,0.564269789,0.386059876,0.4
258,Astrocaryum_vulgare,B,D,1,0.195,22955,29.3,898.3,782.1405,0.648514877,0.148,21748,29,812.8,0.539199479,-10.93153979,645.19,0.323611934,0.214296536,0.824902943,0.8
259,Astrocaryum_vulgare,B,W,2,0.176,22458,27.8,898.57,831.5277,0.580625456,0.199,23052,28.9,913.64,0.598748725,1.812326877,640.19,0.310729276,0.328852545,0.76989618,0.8
260,Astrocaryum_vulgare,B,D,3,0.18,22578,27.7,998.3,910.753,0.596125953,0.146,21716,29.1,963.12,0.557498575,-3.862737757,714.93,0.311138146,0.272510769,0.784987807,0.8
261,Astrocaryum_vulgare,B,D,4,0.186,22717,27.7,894.6,710.1175,0.759791513,0.123,21106,29.4,738.53,0.540010984,-21.97805293,629.13,0.373839541,0.154059011,0.885951973,0.9
262,Astrocaryum_vulgare,B,D,5,0.183,22662,27.8,969.3,647.3546,0.99732465,0.138,21495,29.3,910.8,0.906956867,-9.036778297,684.4,0.440098827,NA,1.057225823,1.1
263,Astrocaryum_vulgare,B,W,6,0.183,22651,27.7,907.9,712.1753,0.774826577,0.214,23439,26.9,922.33,0.795088442,2.02618653,638.17,0.378741021,0.399002886,0.896085556,0.9
264,Astrocaryum_vulgare,B,D,7,0.187,22744,27.8,999.6,931.331,0.573302617,0.137,21466,29.1,867.9,0.431892099,-14.14105189,689.71,0.332738844,0.191328325,0.740563774,0.7
265,Astrocaryum_vulgare,B,D,8,0.188,22774,28.5,921.9,895.3195,0.529688284,0.137,21463,27.3,753.8,0.341934081,-18.77542039,623.52,0.333266504,0.1455123,0.69642178,0.7
266,Astrocaryum_vulgare,B,D,9,0.187,22777,27.4,1016.17,730.6955,0.890688734,0.132,21336,29.1,911.9,0.747989073,-14.26996608,714.93,0.412264753,0.269565092,0.978423981,1
267,Astrocaryum_vulgare,B,D,10,0.181,22585,28.4,941.4,692.6262,0.859174689,0.145,21680,29,872.85,0.760203556,-9.897113335,649.54,0.421381692,0.322410559,0.937792997,0.9
268,Astrocaryum_vulgare,B,D,11,0.18,22625,27.4,930.5,652.4991,0.926055607,0.142,21591,29.1,880.9,0.850040176,-7.601543052,671.15,0.397471813,0.321456382,1.028583794,1
269,Astrocaryum_vulgare,B,W,12,0.18,22585,27.2,891.4,809.9208,0.600601442,0.213,23422,27.9,905.1,0.617516676,1.691523418,644.43,0.30493105,0.321846284,0.795670391,0.8
270,Astrocaryum_vulgare,C,D,1,0.273,24967,28.4,962.5,1024.9609,0.439060212,0.198,23026,29.1,843.63,0.323085056,-11.59751557,477.3,0.473383912,0.357408756,0.4656763,0.5
271,Astrocaryum_vulgare,C,W,2,0.281,25181,28.6,889.7,931.331,0.455299459,0.311,25954,28.5,910.9,0.478062579,2.276312074,424.5,0.499500178,0.522263298,0.455799281,0.5
272,Astrocaryum_vulgare,C,D,3,0.24,24113,28.4,924,977.6315,0.445141395,0.204,23187,29.1,889.4,0.409749737,-3.539165831,451.67,0.483137051,0.447745393,0.462004344,0.5
273,Astrocaryum_vulgare,C,D,4,0.312,25969,28.4,922.7,993.065,0.429143611,0.212,23394,29.4,660.99,0.165605977,-26.35376335,419.11,0.507106786,0.243569152,0.422036825,0.4
274,Astrocaryum_vulgare,C,D,5,0.296,25567,28.3,1002.4,715.262,0.901444506,0.199,23055,29.4,815,0.63944261,-26.20018958,461.65,0.756016676,NA,0.645427829,0.6
275,Astrocaryum_vulgare,C,W,6,0.282,25229,28.3,871.8,828.441,0.552338066,0.297,25594,27,896.34,0.581959971,2.962190428,414.96,0.551445426,0.58106733,0.500892641,0.5
276,Astrocaryum_vulgare,C,D,7,0.3,25694,28.4,878.5,910.753,0.464586447,0.192,22876,29.1,595.34,0.153678879,-31.09075677,398.4,0.527146219,0.216238651,0.437440228,0.4
277,Astrocaryum_vulgare,C,D,8,0.32,26197,28.2,964,982.776,0.480894934,0.171,22349,27.4,603.18,0.113751252,-36.71436828,417.75,0.555823504,0.188679821,0.42507143,0.4
278,Astrocaryum_vulgare,C,D,9,0.325,26306,27.9,930,941.62,0.487659565,0.27,24901,29,765.2,0.312642042,-17.5017523,392.3,0.571037149,0.396019626,0.416622417,0.4
279,Astrocaryum_vulgare,C,D,10,0.314,26034,28,941.2,982.776,0.457695345,0.245,24272,29.2,723.2,0.235874706,-22.18206387,395.1,0.555670875,0.333850236,0.402024469,0.4
280,Astrocaryum_vulgare,C,D,11,0.327,26363,28,852.5,951.909,0.395568799,0.266,24793,30,783.66,0.323250962,-7.23178371,362.1,0.515175295,0.442857458,0.380393504,0.4
281,Astrocaryum_vulgare,C,W,12,0.338,26655,27.5,819.18,931.331,0.37957987,0.363,27284,28.1,846.8,0.409236351,2.965648089,316.2,0.540065777,0.569722258,0.339514093,0.3
